Teks,label
promo beli paket flash mulai gb my telkomsel app dpt extra kuota gb lte extra nelpon mnt hr buruan cek tsel me mytsel,1
gb hari rp ribu spesial terpilih aktifkan promo sd nov buruan aktifkan,1
plg yth sisa kuota flash kb download mytelkomsel apps http tsel me tsel utk cek kuota beli paket flash hub,1
plg yth sisa kuota flash kb download mytelkomsel apps http tsel me tsel utk cek kuota beli paket flash hub,1
gb hari rp ribu spesial terpilih aktifkan buruan skb,1
hari ekstra pulsa rb dg beli paket internet bulanan mytelkomsel utk pembelian pertama sjk aug sept cek detail promo tsel me mytsel,1
iring dgn tarif rp hr perpanjangan rp hr hits armada pencuri hati tekan ok call info,1
akhir bulan tetap eksis loh internetan pake volume ultima mb hr hrga mulai rp rb tarif lokasi cek tsel me fl,1
aktifkan iring coboy jr terhebat tekan info hits terbaru noah engkau aktifkan iring nya hp ketik mg noah kirim info berkah iring rp dr yuni shara aktifkan iring nya tkn ok call raih thr puluhanjt berhenti unreg,1
ambil bonus harianmu bebas pulsa dptkan gratis nelpon internetan promo sesuai hobimu,1
berhenti berlangganan paket flash ketik flash spasi ya setuju tunggu sms konfirmasi penonaktifan paket,1
berlangganan paket rp utk mb mb hari setuju balas flash spasi ya kirim utk melanjutkan paket diperpanjang akhir masa aktif tarif sesuai lokasi tunggu sms konfirmasi sblm pemakaian info zona detail tarif lihat tsel me internet,1
membeli paket gampang internetan rp utk chatting sepuasnya bbm whatsapp line hari setuju balas flash spasi ya kirim utk melanjutkan tunggu sms konfirmasi sblm pemakaian info detail tariff lihat tsel me internet,1
menerima setting ponsel ponsel mengakses internet berkirim foto mms setuju balas pesan gratis ketik,1
mengaktifkan paket bbm gratis berlaku hari pertama kali aktivasi ketik flash spasi ya untuk melanjutkan,1
mendapatkan kupon program kartu as biber beli internet berhadiah cek total kupon maksimal jam skrg info lengkap hub,1
menikmati paket reguler dgn sisa kuota kb dapatkan beragam paket internet hemat tri,1
terdaftar layanan paket malam hari untuk berlangganan lakukan isi ulang voucher kenyang download,1
tlh menukarkan poin poin tukarkan terus poinnya tahu pemenang hadih lg gb pemenang menukarkan poin tertinggi november,1
angpaopoinsenyum dptkan vchr lottemart rb dg tukar poin normal poin sd feb ketik terbatas info www indosatooredoo com angpao,1
awal bulan nya eksis internetan pake volume ultima mb hr hrga mulai rp rb tarif lokasi cek tsel me fl,1
ayam sayap paha bawah nasi perkedel rp gratis teh pucuk tukar sms cfc hasan sadikin hari persediaan msh promo,1
ayo anak medan beli sticker line pulsamu caranya klik http www telkomsel com linestore nama stickernya kedan medan,1
ayo download axisnet apple play store aktifkan bronetjam gb hr rp bronetjam gb hr obor gb rp info ld,1
ayo download axisnet play apple store aktifkan bronetjam gb hr rp bronetjam gb hr obor gb rp info ld,1
ayo dukung pelestarian alam indonesia indosat ooredoo wwf indonesia dg berdonasi nomor indosat ooredoo,1
ayo kawal pemanfaatan subsidi bbm kompensasi berhak pengaduan ketik bbm spasi isi pesan kirim,1
banting harga internetan dgn kuota gb rb rupiah paket berlaku sebulan ketik ya desember,1
bebas ekspresikan dirimu paket freedom combo indosat ooredoo hub www indosatooredoo com freedom,1
bebas pulsa ambil bonusmu gratis dptkan gratis nelpon internetas promo sesuai hobimu,1
beli gratis untuk lychee tea latte flavour yellow truck jl patuha no tukarkan sms berlaku untuk hari berlaku promo,1
beli gratis beli diskon tiket kampung gajah wonderland bandung mei tunjukkan sms kpd petugas info www indosat com kampunggajah,1
beli gratis donut dunkin donuts borma setiabudhi tukarkan sms berlaku untuk hari persediaan promo,1
beli paket turbo mulai rb utk pembelian pertama mytelkomsel app sjk aug sept dpt extra pulsa tsel rp rb loh cek detail paket tsel me mytsel,1
internetan gb rb paket berlaku hari ketik ya penawaran berlaku januari,1
bonus kuota mb hr cukup isi ulang min hari ayo buruan isi pulsa,1
bonus pulsa rb ayo isi pulsa min rb dapetkan bonus pulsa rb utk nelp nmr tri hari ayo buruan isi pulsa,1
bonus pulsa indosat ooredoo ketik call hp april,1
bonus pulsa rb dgn isi ulang rb hny indosat yg penawaran berlaku april bonus utk digunakan indosat ooredoo,1
bonus pulsa rp rb spesial untuk pelanggan setia indosat ooredo isi ulang rprb skrg penawaran berlaku jan bonus,1
bonus rp untuk cukup kirim sms hari untuk mendapatkan bonusnya khusus hari,1
bonus rp untuk cukup telpon teman menit hari untuk mendapatkan bonusnya khusus hari,1
buktikan hematnya pakai argo tetap bandung grabcar hayu ajakan rerencangan sareng buktikeun nyalira,1
buruan download registrasi mycare http bit ly mycareply dapatkan promo gb paket freedoom harga khusus hari,1
butuh piknik nih liburan gratis hongkong cara pake pulsa axis hp androidmu transaksi sebanyaknya items pokemon go bigo coc dll info ld,1
buy get tiket trans studio bandung mulai mei juni tunjukkan sms petugas lokasi info www indosat com transstudiobgd,1
rp nelpon sms unlimited indosat ooredoo internetan sepuasnya hari paket ramadhan unlimited ketik,1
dapatkan bonus pulsa hg rb isi ulang hari minggu isi ulang mulai dr rb ktk gratis krm panduan ketik pan krm cek bonus tekan,1
dapatkan bonus sms dg kirim sms bonus ratusan sms operator pakai terus indosat ooredoo raih kebebasan berkomunikasi,1
dapatkan disc mcdonalds khusus utk pembayaran dgn tcash tap dptkan stiker tcash tap grapari terdekat info tsel me tappromo,1
dapatkan disc utk dominos pan pizza roti yg tebal dgn keju terasa pinggir mulai rp kunjungi toko terdekat telf klik panpizza co id,1
dapatkan extra kuota gb lte extra nelpon mnt hr dg beli paket flash mulai gb my telkomsel app buruan cek tsel me mytsel,1
dapatkan gratis cappuccino hot ice freza transaksi min rprb excelso cafe semarang yogya solo sd agust tunjukkan sms kpd petugas,1
dapatkan gratis wendy crispy chicken sandwich minimal pembelian rp tukarkan sms wendy terdekat persediaan terbatas promo,1
dapatkan saldo bermain sebesar rp rb bayar rp rb berlaku hari senin kamis tukarkan sms timezone terdekat promo,1
dapatkan voucher cipika rp rb utk belanja kuliner gadget fashion dll tkn pilih cipika gratis terbatas info www indosatooredoo com,1
dear customer kindly values your experience at telkomsel service score between very poor to excellent send sms to free for int charged,1
disc domino pizza value range agustus kunjungi store terdekat hubungi visit http bit ly koz kode vrd,1
diskon ribu khusus pelanggan baru grab bandung berlaku kode promo urangbandung usah repot jalanan macet susah parkir hayu ngegrab we atuh,1
diskon kuota nelpon menit smua operator rprb normal rprb dg masa aktif panjang balas sms dgn ketik tri hari,1
diskon utk kacamata lengkap bonus kacamata hitam tunjukan sms jl gatot soebroto amp berlaku promo,1
domino pan pizza rotinya tebal dgn keju terasa pinggir nikmati disc dimulai rp kunjungi toko terdekat telf klik panpizza co id,1
double kuota internet plus unlimited telpon sms paket freedom combo indosat ooredoo hub www indosatooredoo com freedom,1
download rasakan serunya game game premium pilihan,1
dptkn free member card larissa aesthetic center disc high treatment asuransi jiwa isi ulang pulsa rp rb galeri indosat jateng diy des,1
dptkn kesempatan raih hadiah utama mobil alphard dg cara tukar poin senyum dg kupon undian tgl jun ketik undian jmlh poin rp,1
dukung rehabilitasi pengembangan potensi anak berkebutuhan khusus ypac jakarta mari berbagi sms donasi mengetik,1
flash promo agt ayo datangi gallery smartfren terdekat diskon rb dg tukar hp smartfrenmu andromax lte utk tukar dg mifi lte,1
free doublescoop ice cream disc haagen dasz tcash tap berlaku info tsel me tappromo,1
gratis gb yg blm mengganti kartu sim menjadi sim tukarkan skrg gerai indosatooredoo terdekat nikmati gratis gb jaringan,1
gratis nelpon kemana operator cukup beli internet harian mb seharga rp balas sms dgn ketik js utk membeli,1
gratis whatsapp seharian cukup beli internet harian mb seharga rp balas sms dgn ketik jr utk membeli,1
gunakan grab nikmati diskon untuk pengguna baru masukkan kode cobagrabcar ajak teman temanmu keliling bandung tanp,1
gunakan grabcar grabtaxi dapatkan diskon ribu stasiun bandara bandung masukkan kode promo grabtravel pemakaian september hatur nuhun,1
gunakan tcash untuk bayar tagihan listrik beli token listrik cukup hubungi pilih menu pembayaran pembelian,1
hai kabar bonus meriah cukup isi pulsa minimun rp ribu november langsung dapatkan mb gratis ayo isi pulsa bonus utk hari rla,1
hallo bro beli koin games pakai pulsamu yuk mudah banget loh sob cek http tsel me jajanonline,1
hallo urang minang ado sticker rancak group line urang kampuang minang guy beli pake pulsa telkomsel,1
hari freedom combo xl rp rb normal rp rb gb music streaming gak pake kuota unlimited nelp sms daftar,1
hari seribu langsung mb untuk hari cukup balas sms ketik ya buruan beli sekrang tlb,1
hari freedom combo xl rprb normal rprb double kuota gb gb promo gb unlimited nelp sms indosat ooredoo ketik freedom xl,1
hari bronet jam gb hr rp bronetspecial gb hr gb jam gb rp aktifkan paketnya info ld,1
hari bronet special gb gb jam gb hr rp bronet jam gb hr rp ayo aktifkan paket info ld,1
hari rabu blanja blanja com nikmati diskon spesial untuk transaksi tcash berlaku klik blj co tcashrabu,1
hari senin nonton hemat ribu cinema xxi dgn tcash tap dptkan stiker tcash tap grapari terdekat info tsel me tappromo,1
hari terakhir kunjungi galeri smartfren skrng andromax jd rb nrml rb tunggu stok terbatas sd agt info dlj,1
hayu dateng mumpung ustad fatih karim beliau yg mengislamkan ustad felix siaw,1
hi ayo coba grab untuk pemesanan taxi cepat aman klik https invite grab co aad,1
hot promo dptkan extra pulsa tsel rb dg beli paket internet pertama kali my telkomsel app sjk agsts sept cek detail paketnya tsel me mytsel,1
hot promo internetan kuota gb hr rp ribu aja beli promo juni,1
spreading the go jek love download the go jek app at http go jek com app and input this referral code to get rp free credit to your first booking gojekgotmehere,1
ikuti jobfairactive ujiklyakankerjaberstifikat plasatelkommlg feb dptkan platihan intrview rekom kerja ribuan ph info www indogetjob com,1
internetan puas aja butuh kuota besar paket sumo gb hari jaringan beli info,1
isi saldo tcashmu jaringan atm atm bca lakukan transfer bank pilih bank tcash kode bank gunakan no hp sbg no rekening tujuan,1
isi ulang kuota gb berhasil kuota tlh ditambahkan nikmati bonus nelpon tri rprb cek bonus bimatri,1
isi ulang rp berhasil kode transaksi cek untuk promo rabu rawit jumat baik pelanggan axis,1
jalani ibadah haji dg nyaman tnpa prlu ganti kartu lokal nikmati gratis menit hr trima telp dr indosatooredoo internet unlimited rprb hari info pai,1
dikejar diskon berlari beli rawit diskon datang ayo isi ulang kartu axis pastikan besok ikutan promo rabu rawit info ld,1
lupa kirim sms sd juni utk mendptkan gratis sms sesame indosat hr berlaku periode prog info us,1
kalah bro games mu terbantu menambah koinmu beli aja pakai pulsa cek caranya http tsel me jajanonline,1
kehabisan hari baskin robbins value scoop lho tunjukkan sms berlaku promo,1
jumat baik promo bronet jam gb hr rp bronet gb hr jam gb gb rp aktifkan paketnya info ld,1
lg beli paket flash mulai gb mytelkomsel dpt extra pulsa rp rb utk pembelian pertama sjk aug sept cek detail paket tsel me mytsel,1
pelanggan setia tukarkan hp smartfrenmu dg andromax lte hny rb nrml rb galeri smartfren,1
kartu lte aktif dapatkan kuota tambahan sd gb konten menarik dijaringan hub info lokasi www indosatooredoo com,1
kesempatan langka loh dapatkan gb rp balas sms ketik november bonus berlaku hari tld,1
ketik flash spasi info kirim utk status paket loopers dptkan info tren anak muda challenge pembelian paket loop co id follow loop_id,1
ketik ya maret rprb bln lgs dptkan gb bonus gb utk internetan telp sms sepuasnya nomor,1
khusus yg doyan internetan cukup rb bs internetan slm minggu kuota gb buruan ketik oke pnwrn sd khusus nomor,1
khusus paket internet ribu dgn kuota gb hr berlaku jam jaringan tercepat indosat balas sms ketik ya sd mei,1
kocak abis liat aksi pemuda galau iseng gokil dikepung polisi super cantik tonton aja comic via hp cmn hr ketik film,1
koinmu tinggal dikit untuk lanjutin gamesmu beli pakai pulsa aja bro cek http tsel me jajanonline,1
kuota internet habis isi kuota akses aplikasi bimatri gadget info,1
hemat langganan paket data mingguan rp caranya gampang cukup ketik kuota spasi krm sms,1
hemat langganan paket internet mingguan dgn kuota mb rp caranya gampang cukup ketik kuota spasi,1
line lets get rich seru tambah koinnya pulsamu mudah banget caranya google play,1
loopers pakettelkomselflash rp utk mb tambahan mb gb berlaku hari tlh diaktifkan paket otomatis diperpanjang pd akhir masa aktif berlangganan paket,1
maaf memiliki bonus kuota dapatkan bonus kuota gb toko terdekat berlaku jawa timur bali lombok,1
mainkan terus games mu beli koinnya pakai pulsamu cek caranya http tsel me jajanonline,1
mainkan terus gamesmu beli sebanyaknya apps in apps google play store,1
ingat warkop dki dapatkan nsp nya gratis akses dapatkan promo gratis sesuai hobimu,1
bonus keren indosat ooredoo ketik hp,1
bonus pulsa indosat ooredoo ketik call hp mei,1
cepat ga ribet cek pulsa sisa kuota internetmu yuk download aplikasi mycare akses https mycare indosatooredoo com,1
cepat gift paket extra kuota internet ga ribet isi ulang pulsa download aja aplikasi mycare smuanya jadi mudah install http bit ly mycareply,1
download file besar putus tinggal hari gatis mifi modem spesial untukmu bawa sms galeri sf isi pulsa rb disana jan dl,1
ekstra telpon sms internetan berlaku ikuti surveu singkat aplikasi musik september klik http tsel me mulu,1
internetan kuota besar harga murah buruan cek penawaran khusus nomor berlaku juli,1
jajan gak usah kemana sob jajan online aja terutama suka nge games cek http tsel me jajanonline,1
paket data gb sebulan ribuan buruan ketik penawaran berlaku sd jul,1
paket data ribuan buruan cek penawaran berlaku juli,1
pergi hatiku nya aliando hp ambil nsp gratis nya akses dapatkan promo gratis sesuai hobimu,1
merdeka hot sale kuota gb hari rprb rprb penawaran terbatas cek,1
migrasikan kartu kartuhalo nomor tetap dapatkan paket spesial gb rb bulan kunjungi grapari tunjukan sms promo terbatas skb,1
murah seru banget main gamesmu pakai pulsa aja beli koinmu cek caranya http tsel me jajanonline,1
murah rprb dptkan gb paket internetan utk hr internetan jadi seru aktifkan promo feb,1
naik hemat grab cukup lakukan perjalanan grabcar grabtaxi otomatis mendapatkan diskon perjalanan berikutnya nikmati diskon bertahap hinga ribu trip ayo coba buktikan,1
nasabah yth rekening btpn wow aktif lakukan transaksi menggunakan pin rahasia info hub,1
nelpon murah rp panggilan mal sin thailand hk china usa dgn tekan kode negara no tujuan info www indosatooredoo com flatcall,1
nikmati combo wendy fried chicken nasi minum rp periode juni tukarkan sms wendy terdekat persediaan terbatas promo,1
nikmati disc utk dominos pizza premium big party weekend harga mulai rp rb berlaku dine in take away may kunjungi store terdekat hubungi,1
nikmati discount bakmi gm hari hny dgn tcash tap berlaku info tsel me tappromo,1
nikmati diskon tarif sli negara mulai pukul sd wib sd agustus info lengkap ketik www indosat com iddpromo,1
nikmati diskon tarif indosat negara chn mla hkg sng twn vtm macau berlaku feb info hub ok,1
nikmati double internetan jaringan data terkuat gb gb tlp sms sepuasnya dgn pkt freedom combo daftar http mycare indosatooredoo com,1
nikmati double kuota promo gb jaringan data terkuat unlimited nelp sms jam dgn pkt freedom combo tekan indosatooredoo com freedom,1
nikmati ekstra pulsa dgn isi ulang min rb aplikasi mytelkomsel menggunakan cash download http tsel me promo agst,1
nikmati ekstra pulsa dgn isi ulang min rb aplikasi mytelkomsel menggunakan kartu kredit visa download http tsel me promo agst,1
nikmati extra gb lte extra kuota gb midnight dg beli pkt flash gb hr mulai rp rb cek tarif tsel me fl skb,1
nikmati extra gb lte extra voucher belanja rb dg beli pkt flash gb hr mulai rp rb cek tarif tsel me fl skb,1
nikmati indosat super utk internetan ckp rb minggu dpt kuota mb mb bonus mb jam kecepatan hgg mbps tekan syarat berlaku hub,1
nikmati kemudahan pembayaran iuran bpjs dgn tcash cukup hubungi pilih menu pembayaran gunakan app wallet smartphone android iphone,1
nikmati nelpon sms unlimited indosat ooredoo internetan sepuasnya hari paket freedom mini ketik,1
nikmati nelpon sms unlimited indosat ooredoo internetan sepuasnya hari paket ramadhan unlimited ketik,1
nomor diisi nomor sn,1
nomor memiliki paket netmax dapatkan paket netmax gb gb hape aplikasi bimatri website tri co id,1
nomormu beruntung tes identitas tersedia untukmu menangkan pulsa rprb tes kirim sms info vd,1
pakai handphone xl axiata mu langsung internetan pakai xl,1
pakai xl tdk perlu repot setting langsung internetan yuk aktifkan paket internet my xl co id,1
paket gb berhasil diaktifkan restart hape utk dpt menikmati kuota internetan hari cek sisa kuota,1
paket non aktifkan atas permintaan penggunaan internet kenakan tariff dasar internet sesuai skema tariff kartu hubungi untuk aktifkan paket internet info lanjut www telkomsel com,1
paket bronet jam mb hr aktif nikmati mb berlaku aktif promo axis telp info,1
paket bronet jam gb hr rp aktif temukan penawaran menarik axis telp info,1
paket bronet gb hr jam aktif nikmati internet gb berlaku jam aktif promo axis telp info,1
paket flash mb utk hari berakhir pd tarif non paket berlaku tgl tsb info hubungi cek kuota,1
paket internet bronet jam gb hr aktif otomatis diperpanjang jam info,1
paket internet spesial internetan seminggu dgn kuota gb rprb ayo ketik kebut kirim sd juli jgn lupa ya,1
paket super murah pcs strip ayam sayap nasi teh pucuk rp tukarkan sms cfc yogya subang hari persediaan promo,1
paket super ngebut gb hr rprb aktif nikmati mb diperpanjang mar jam info,1
paket tsel flash berakhir tgl diperpanjang dg mb utk hari harga dpt berubah sesuai lokasi pastikan pulsa mencukupi utk berhenti berlangganan ketik flash off info detail tariff lihat tsel me internet,1
pelanggan yth update informasi tarif terbaru tsel me as hubungi rp call,1
pembelian dave single burger gratis small fries minum periode september tukarkan sms wendy terdekat penawaran terbatas promo,1
penawaran khusus bonus kuota mb hr cukup isi ulang min hari ayo buruan isi pulsa,1
penawaran spesial obral paket data gb nelpon sepuasnya nmr indosat rprb utk minggu daftar skrg ketik ya berlaku hari rtx,1
plg yth mohon memberikan nilai kepuasan pengalaman layanan telkomsel ketik utk bhs indonesia type for english send to free for int charged,1
promo diperpanjang gratis mifi modem untukmu tunjukan sms galeri smartfren isi pulsa rb utk bawa pulang mifi favoritmu dnov dlk,1
promo poin spesial tukarkan tselpoin menit sms mb periode promo juli info hub,1
promo beli paket flash mulai gb my telkomsel app dpt extra nelpon mnt hr buruan promo terbatas,1
promo beli paket flash mulai gb my telkomsel app dpt extra kuota gb lte extra nelpon mnt hr buruan cek tsel me mytsel,1
promo beli paket flash mulai gb my telkomsel app dpt extra paket gb midnight buruan promo terbatas,1
puas internetan chatting facebook nonton video hari gb rp ribu beli paket,1
quota gb harga mulai ribu beli paketnya puas internetan hari,1
raih smartphone diskon merchant free internet voice sms promo tahun ri tukar telkomsel poin mulai ags mytelkomsel apps,1
rawit harganya miring internetan ayo isi ulang kartu axis pastikan besok ikut promo rabu rawit info ld,1
rawit kuotanya bagus harganya khusus ayo isi ulang kartu axis pastikan besok ikut promo rabu rawit info ld,1
ribet bolak balik cek pulsa cek sisa kuota internetmu download aja aplikasi mycare klik jadi mudah akses https mycare indosatooredoo com,1
rprb bln utk bln hrg normal rprb utk bln dst nelpon sms sepuasnya im plus kuota gb gb ketik ya sd juni,1
rprb bln utk bln hrg normal rprb utk bln dst nelpon sms sepuasnya im plus kuota gb gb ketik ya sd aug,1
pindah jaringan tercepat tukar kartu gerai indosatooredoo jl jend soedirman purwokerto dptkn bns rprb utk nelp sms indosatooredoo,1
aktivasi rekening btpn wow ketik tekan yes call pin rahasia info lengkap hub,1
selamat mendapatkan voucher berrybenka rprb masukkan kode voucher twd transaksi www berrybenka com simpati voucher hub,1
selamat mendapatkan voucher lazada rprb masukkan kode voucher tst transaksi www lazada co id simpati voucher hub,1
selamat mendapatkan voucher zalora rprb masukkan kode voucher tsu transaksi www zalora co id simpati voucher hub,1
selamat mendapatkan bonus pulsa rp indosat ooredoo berlaku hari poin senyum bertambah cek bonus,1
selamat bergabung tri nikmati kuota gb utk hari kuota diperpanjang otomatis pulsa cukup nikmati bonus kuota berlipat gb perpanjangan kartu otomatis menjadi non aktif dlm waktu bln tdk aktivitas,1
selamat paket sms operator aktif cek kuota,1
selamat paket aktif cek kuota,1
selamat paket bbm gratis diaktifkan paket bbm berlaku untuk hari,1
selamat paket flash mb hari rp diaktifkan berlaku tgl pk wib paket langsung diperpanjang akhir masa aktif paket tarif sesuai lokasi cek status berhenti berlangganan info detail tarif lihat tsel me internet,1
selamat tambahan flash aktif berlaku,1
selamat berhak membeli paket pas untuk nelpon sms internetan video nsp pilih paketnya mulai rp berlaku hari info,1
selamat mengaktifkan instink utk dpt info menarik telkomsel info berhenti program cs,1
selamat mendapat gratis sms smsgift no info cs,1
selamat mendapatkan kuota tsel sebesar sms cek kuota info www telkomsel com,1
selamat membeli paket combo kenyang internet as cek bonus,1
sensasi seru main game ayo bergabung heroes game hit download gratis http bit ly cjsxn,1
seru banget main ball pool pakai pulsa banget loh bro untuk beli koin games cek caranya http tsel me jajanonline,1
smartfren gratis mi fi modem tahun baru ganti gadget baru bawa pulang mi fi gm mu dg tunjukan sms galeri sf isi pulsa rb disana jan info,1
special promo bonus kuota mb hr cukup isi ulang mulai hari ayo buruan isi pulsa,1
spesial untuk paket flash volume ultima kuota gb hr kuota harga mulai rprb tarif lokasi cek tsel me fl,1
spesial untuk paket internet hemat kuota berlimpah rp ribu kuota gb hari aktifkan buruan skb,1
spesial utk pelanggan setia indosat ooredoo bonus hari masa aktif menit telp sms isi ulang desember bonus berlaku,1
sticker line lucu lucu banget loh beli yuk pulsamu gampang banget coba yuk,1
super wow gratis gb ckup dgn isi pulsa minimun rp ribu november berlaku satu kali kesempatan berlaku akumulasi loh tlc,1
tambahan thr dr mataharimall kode thr utk diskon elektronik kode thr utk diskon lifestyle kode thr utk diskon fashion http mthr ml tselthr,1
terima kasih menggunakan paket data indosat info detail tekan,1
terima kasih menjadi pelanggan setia indosatooredoo download video bonus gratis nelpon menit hubungi,1
terima kasih menjadi sahabat indosatooredoo dapatkan video game seru gratis telp,1
terima kasih menjadi sahabat indosatooredoo kenalan batas bonus gratis nelpon menit hub ya ok,1
terima kasih menjadi sahabat indosatooredoo tahu rahasia terheboh artis artis top bonus gratis nelpon menit tlp,1
terima kasih menjadi sahabat indosatooredoo download video bonus gratis nelpon menit hubungi,1
terima kasih tlh melakukan isi ulang tgl gratis nelpon menit video tekan yes ok,1
terkini ungkapin dipikiranmu lewat sticker line beli pake pulsa tsel https store line me download stickershop,1
terus isi saldo tcashmu nikmati aneka promo merchants partner tcash cek promo terbaru tcash tsel me tappromo,1
thank you for your appreciation trust in using telkomsel service for further feedback please advice text sms to free for int charged,1
tingkatkan nilai isi ulang selanjutnya minimal rpribu untuk mendapatkan paket murah pas info,1
tri berbagi bonus pulsa bulan pernuh berkah isi pulsa min rb dapet bonus pulsa rb utk nelp nmr tri hari ayo buruan isi pulsa,1
trmksh tlh berhasil mengisi pulsa smartfren jualan pulsa bayar listrik speedy telkom hub agen barokah mp reload untung,1
udah top up coins line utk beli sticker themes beli skrg jg pake pulsa utk tambah koleksi mu cek caranya http tsel me jajanonline,1
use my invite code nxmvfue and get free ride up to rp redeem it at https www uber com invite nxmvfue,1
wow diskon utk pembelian paket flash gb bonus menit rprb utk hr tunggu buruan berlaku,1
wow promo diperpanjang sd agt khusus tukar hp smartfrenmu andromax lte rb dr rb ayo datangi gallery smartfren terdekat,1
penuh batasan beri kebebasa double kuota bonus gb unlimited nelp sms musik streaming gak pakai kuota dg freedom combo daftar,1
yuk dengerin secara langsung update keseharian seleb dr blog suaranya tlp gratis hr rp mgg cs vas,1
yuk internet an ngebut utk akses fb twitter chatting dgn beli paket flash mb hr sesuai zona lokasi mulai rprb cek tarif tsel me fl,1
yuk temen belanja google play mudah banget loh pakai pulsa http tsel me jajanonline,1
yuk tetap gunakan flash volume ultima utk update informasi kuota mb hr mulai rprb tarif lokasi cek tsel me fl,1
nonton bioskop gratis keluarga cigna berikan khusus untuk tunggu telepon info cigna klik bit ly tentangcigna,1
yuks internetan seru seruan dg flash volume ultima kuota gb hr mulai rprb sesuai zona lokasi hub info tarif lokasi lihat tsel me fl,1
bermasalah dgn cc kt stres dgn bunga pelunasan disc hub aty wa legal,0
lelah byr min payment solusinya bantu secara legal penutupan cc kta dscn hub lolyta wa legal,0
dana tunai kta bunga jt syarat ktp cc dgn bpkb rate hari cair hub ayu wa mhn maaf menggangu,0
roxi cell rp rb jadi agen pulsa elektrik operator gsm cdma utk daftar ketik mtronik kirim,0
ramadhan selamat pemenang rp jt pin code yrkz info www hadiah ramadhan blogspot com,0
brminat cash kredit mtor scond brg istmwa tipe merk sj dsini mnyediakn unit dr thn keatas hub ms dediktp luar yk bs,0
menang togel tembus pasang shio tunggal angka ingat maharnya pulsa rb dikirim no xxx khusus putaran sgp senin,0
mempunyai pesan suara untuk mendengarkan pesan suara silahkan tekan tekan ok ya bebas biaya terima kasih,0
pmain togel sring kalah hasil mbah joko bisah mbntu sio angka retuwal berminat hub mbah joko dijamin tembus,0
aneka shop berbagi promo type blackberry dakota jt tourch jt onix jt gemini rb pemesanan pin bb ade www aneka blogspot com,0
anyonghaseyo ngaku kpopers sejati ayo lengkapi koleksi video kpopmu http kpop xl co id skrg harga video murah loh info,0
artha cell diskon brg elektronik bb dakota juta bb onyx jt camera dll hub sms pin bb bddfd www arthajaya cell blogspot com,0
ass mengenai rumah tanah yg kemarin sy sdah survei sy mrasa cocok untuk nego harga hubungi sms suami pak haji dermawan,0
ass sy randy mengenai mobil yg sdh sy liat kondisi kebetulan berminat mohon hub bapa sy utk dibicarakan hrg netnya dr darmawan xxxxxxx,0
ass maaf sy wahyu mengenai mobil bpk yg jual sy lihat cocok untuk nego hrg silahkan hub saudara sy dgn pak jusman safei tp,0
ass maaf sy by hj suri kemarin survey rumah mengenai harga hub suami sigit tlp terima kasih,0
ass sy sugiyono yg tempo hari mngenai mobil toyotanya sy brminat cocok tlong hub sodara sy dlu untuk negosiasi harganya abdullah hp,0
assalamu alaikum reski dr costumer servis tri plaza semanggi lt jl jend sudirman jkt pst sdh hubungi waktu pengundian lakukan no tdk tersambung jd krimkn lwt sms jatuh tempo no menang undian dr tri jenis hadiah unit mobil suzuki ertiga new pin dcs jadi silahkan cek website www tricare jimdo com hub,0
assalamu alaiqum nenek masuk rumah sakit tolong kirimkan ulsa ribu nomor telpon rumah sakit ganti uangnya,0
ayah isikan pulsa xl rb no penting,0
bapak tukokno pulsa as ndisek ribu iki nmrku anyar cepet saiki enteni penteng bpk msalah dikantor polisi sms tlp,0
belanja online promo disc bb dakota jt bb onyx jt bb jt dll info sms pin bb aff klik www jaya olshop blogspot com,0
belanja online toko resky discon bb laptop samsung ipad nokia dll pemesanan order call sms kunjungi web www reskiy shop blogspot com,0
belikan mama pulsa simpati ribu nomor barunya mama kirim secepatnya penting hpnya orang mama pinjam,0
bella bingung bang nulis aq nulis panjang serba salah mending langsung ngobrol tlpn aja deh bang no telp aq xxxx,0
berkah poin nomor mndpt hadiah pin dhi silahkan verifikasi pin pemenang situs resmi www berkahpoin wix com prize,0
berkat isi ulang pulsa no pilih sbg pemenang cek tunai rp jt dri pt kios pin nf info klik www pt mkios blogspot com,0
berkat isi ulang pulsa no terpilih sbg pemenang kejutan tri men dpt cek tunai jt dr planet care pin bh cek hadiah www planet care blogspot com,0
big sale discound jt iphone gb jt note jt camera laptop dll pin bb ab call sms kunjungi www indracell com,0
big sale sinar blackberry rp jt dakota rp jt tourch rp jt davis rp rb infohub sms ccfa www snr bb blogspot com,0
blackberry city jual blackberry discond dakota jt torch jt onyx jt davis jt gemini jt info hub ibu anita pin bb,0
blackberry online big sal bb rp jt dakota rp jt samsung note ii rp jt iphone gb rp jt laptop camera dll minat invite to bbm pin affc,0
bpk ibu mengenai rekening terpilih pemenang cek jt dri bni info klik www promobni tk kode cek hub,0
bpk ibu yth pemilik no xxx pin undian resmi dptkan rp jt cs klik care com,0
bpr syariah yogya siap melayani pembiayaan usaha syarat copy ktp kk buku nikah cukup dg jaminan bpkb sertipikat proses survey cepat hub,0
butuh dana tunai cepat juta dgn bunga rendah flat bln proses dijamin hari syarat mudah info ibu yani,0
cahaya travel tiket murah promo untuk penerbangan domestic internasional online booking jam hub kelik www cahayatourtravel com,0
casino online terbesar www jayabet com daftarkan raih bonus referral bonus cashback sportsbook minggu mainkan smartphone pc,0
dapatkan ticket promo untuk penerbangan domestik internasional via online mudah aman hub klick www mhegatravel com,0
dapatkan tiket murah promo untuk penerbangan domestic international booking online info hub www surya travel jimdo com,0
dapatkan tiket murah promo ditravel kmi untuk penerbangan domestik internasional online booking jam berminat hub,0
dapatkan total hadiah ratusan juta rupiah kota berkah caranya klik www murahituim com kotaberkah program agustus,0
daptkn tiket pesawat promo melayani domestik and internasional booking online cepat aman hub link www citiling travel com,0
de inih bapa pake no temen tolong kirimin pulsa no inih soalnya penring banget rumah digantiin,0
uangnya ditransfer rek bank xxx xxx xxx sms no xxx,0
transfer uang nya rekening bni ismawati rek sms klo sdh kirim,0
dijual ticket super junior tgl april lady gaga tgl juni harga gold jt tribun jt info hub lady ticket webs com,0
dptkan tiket promo untuk penerbangan domestic internasional booking online jam info hub,0
gebyar poin plus plus indosat edisi priode no pin undian dhi resmi meraih hadiah utk info www gebyarindosatpoinplus weebly com,0
gebyar telkomselpoin no trpilih pemenang pin fg silahkan verifikasi pin disitus resmi www selpoinhadiah jimdo com,0
gratis menit nelpon indosat sms indosat mb internet slma jam isi ulang rb isiulang pulsamu rb nikmati gratisannya,0
gratis sms sesame indosat hari dengna mengirimkan sms juni bonus diberikan maks xjam info us,0
gratis internetan mb berlaku utk hari dg isi ulang axismu hari rp ayo isi ulang nikmati bonusnya info,0
gratis internetan hg mb nelpon menit sms indosat dg isiulang mulai rb utk daftar ketik gratis kirim gratis isi ulang,0
gratis pulsa rb hari malam dg isi ulang mulai rb daftar ketik gratis krm reg ckp kali info ketik info krm,0
gt shop disc bb jt bb torch jt bb davis jt minat galaxy jt cp pin ab gili sms versi demo http www yusiwa com,0
guntur berhubungan facebook http fb com lnzhplcmrug balas stop unruk berhenti menerima sms facebook,0
hi trims kmu udh gabung layanan bung gita bicara bola dpt info menarik prediksi akurat dr bung gita info mg rb sms stop unreg gita cs,0
hquarters business residence lokasi emas asia afrika bdg hrg prelaunch profit roi thn bs libur byr th tsm des jan www hquarters co id,0
indomarcocell menawarkan jdi agenpulsa mkios chip oprator harga cara gabung ketik daftar kirim melukiskan rasa ku,0
indosatpoin plus plus selamat simcard xxxx resmi terpilih dpt hadiah pin bch sahkan pt indosat info klik www infoindosatpoin webs com,0
indovison promo rbu nikmati bln berlangganan gratis biaya pasang bonus cinema bln hub pin bb fc,0
info pt kios hsil pengundian berkat isi pulsa selamat no hp xxxxx dpt hadiah pin pemenang ad info klik www berkat isiulang pulsa webs com,0
info resmi selamat terpilih sbgi pemenang semarak undian pt indofood indonesia no pin dhi info pin hadiah klik www semarak undianpopmie webs com,0
info resmi bpk ibu terhormat selamat no pemenang pesta isi ulang care no pin er undi malam pkl sctv info hadiah klik www care blogspot com,0
info resmi bpk ibu terhormat selamat no pemenang pesta isi ulang care no pin er undi malam pkl sctv info hadiah klik www tricare blogspot com,0
info resmi pt indofood no dftr pemenang undian pop mie edisi mndptkn unit nissan juke pin ach info kunjungi www popmieget webs com,0
info resmi pt indofood slmt no dftar pmnang pop mie meraih hadiah unit nissan juke dgn pin xbv info kunjungi www popmie webs com,0
info resmi pt tri care pin pemenang jf dptkan hadiah unit toyota yaris info cek pin klik www tricare blogspot com,0
info resmi pt tri care pin pemenang jf simcard resmi mendapatkan hadiah unit toyota yaris no,0
info resmi pt tri simcard resmi dptkan hadiah mobil mazda kode pin emlb info hub klik www inforesmicare com,0
info resmi selamat no simcard men_dptkn uang tunai rp jt dr pt indosat pin tblvg info hub klik www indosat info jimdo com,0
info resmi tri care selamat nomor terpilih mendapatkan hadiah unit mobil dri tri care pin pemenang brh info www gebeyar care tk,0
info resmi pt indofood selamat dpt mobil nissan juke kejutan pop mie pin fcd hubungi drs naldisuparman www gebyarpopmie webs com,0
info dana tunai jaminan juta bunga syarat pemilik kartu kredit proses hari kerja call firli,0
info pinjaman agunan jt standart chartered bank syarat copy ktp copy kartu kredit resmi minat hub akbar trimksh,0
info jk jual rmh tanah mobil produk jasa dll promosikan sj dg sms massal hny rp untuk sebar no hp jam hub jogja,0
tahu angka jitu yg keluar putaran hari hubungi mbah togel semarang jamin tembus raja shio buka jam,0
bpk pnjam hp orng tlng bliin bpk pls rb krm nomr brunya bpk bpk msalh kantor polisi jgn tlp sms nnti bpk yg tlp penting,0
bpk tolong belikan pulsa ribu no barunya bpk karna masalah kantor polisi tlp sms bpk yg tlp penting,0
no rekeningnya bri sri narti no rek,0
nomor baru papa tolong kirimin pulsa nomor baru papa papa kantor polisi masalah telepon papa,0
nomor rekeningnya bri andika septiana,0
rekeningnya bank bri no rek ir mayani,0
rekeningnya bank mandiri no rek murtiani,0
rekeningnya bri rek rasto murdoyo,0
rekeningnya mandiri reza prasetya,0
rekeningnya bank mandiri ali syamsudin rek,0
rekeningnya bank bni no rek wahyudi alamsyah sms klo dikirim,0
isi pulsa untung myvplus dpt pulsa lsg dpt voucher diskon dpt hadiah dpt point yuk klik http bit ly myvplus,0
isi ulang pulsa rp regular hd com sukses ref gratis pulsa sd rb hg hr mlm ktk gratis krm,0
isi ulang pulsa rp regular putera sukses ref gratis pulsa sd rb hg hr mlm ktk gratis krm,0
butuh angka jitu gaib d_d_d_sgp dijamin tembus silahkan sms mastertogel,0
kak kirimkan pulsarb no baruku,0
dr ktr indosat sdh hub nmr tp tdk trsambung jd krm sms bhw no mendpt mobil jaguar pin dhi info www kejutanindosat plusplus weebly com,0
sdh mnghubungi tdk trsambung sim card mendapatkan hadiah ketiga dri pt axis pin klik www hadiah ptaxis blogspot co id,0
kejutan poin hadian rp jt resmi diberikan untuk pemilik nomor xxxx pin xaf untuk info kantor pusat telkomsel,0
kemudahan keamanan bisnis togel berbentuk online bergabung raih keberuntungan www brotogel com satu satunya situs togel online terpercaya,0
yth bpk ibu pelanggan tri sumargani dr operator tri plaza semanggi lt jl jend sudirman kav jkt pst kirim sms krn nmr sulit hubungi berikut nmr mendapat hadiah dr promo undian hadiah suzuki ertiga pin tb info www promotri jimdo com,0
keputusan resmi care selamat no terpilih dpt tabungan rp jt pin mcxj info kelik www programisiulangcare tk,0
kesempatan jadi agen pulsa mkios all operator harga rb rb rb rb cara ketik daftar kirim,0
kesempatan menjadi agen pulsa all operator mkios harga murah ketik gabung kirim,0
kirim bank bca no rek andrianto djunaedi usahakan hari trms,0
kirim mandiri aja arya rek klo kabarin ya,0
kirimi pulsa ewu no mas agus,0
km bank bri sdh tlp tdk bs jd km sms no pin pemenang kghk dpt hadiah untung bliung britama info klik www hadiahkejutangbri blogspot com,0
krim bni aja ayu suryani no rek klo dikirim kabarin ya,0
layanan vip games rp sms mgg sdh diperpanjang nikmati layanan http live vipgames me sid stop cs,0
ma belikan besok pulsa rbu no baruku penting,0
ma isi dl pulsa rb nmr,0
maaf sdah menghubungi tpi tdak tersambung no resmi meraih hadiah pt kios pin mk info hadiah klik www hadiah mkios blogspot com,0
maaf menghubungi tersambung no meraih hadiah dr pt mkios pin mk cek pin www pusat kios blogspot com,0
maaf menghubungi tersambung selamat no resmi meraih hadiah pt care pin bh info klik www hadiahcare blogspot com,0
maaf menghubungi tpi tdk tersmbung no resmi meraih hadiah dri pt mkios pin mk cek pin www hadiahresmi mkios blogspot com,0
maaf bu nur tanah tanjung api api lihat cocok untuk masalah harga tolong hubungi suami aja pak sulaiman no hp xxxxxx kebetulan acara tks,0
maaf soal angsuran bulan pembayaran bpk yogi hp soalnya sdh dikuasakan,0
maaf tolong uangnya ditransfer bank xxx an xxx no rek xxx ditransfer sms terima kasih,0
maaf iklan penawaran pinjaman uang tunai jaminan kta jt jt dg ktp kartu kredit bunga flat simpan sms ni hub,0
maaf ingatkan soal kontrakan diteruskan bayar harap bpk chandra no soalnya sys dh kuasakan sepenuhnya maaf sms,0
maaf bu ratna meganai rumah liat soalnya bandara silahkan hubungi suami arif iskandar hp trims,0
mah esian plz kna no nu rbu ayena,0
mamah pangmeserkeun heula pulsa as rb kana nomor ieu tong nelpon nuju riiweh ayeuna penting,0
manfaatkan fasilitas pinjaman jaminan syarat copy ktp kartu kredit proses hari kerja info hub rasti,0
manfaatkan creditcard utk apply pinjaman jt cashback berminat hub bintang tks,0
liburan gratis lombok belajar foto klik http goo gl fvcnw paket internet rp dpt mb hr hub cek status paket,0
nissan juke ayo beli popmie skrg kirim kodenya kodeuniq tahu pemenangnya hati penipuan cs klik http goo gl dmpk,0
uang tunai jt ayo gabung layanan video cliponyu keluarkan jurus gombal mu yg dahsyat utk host cantik cliponyu ketik clip cs,0
mega cell cari agen pulsa cip operator harga rb dll berminat ketik info kirim,0
mega prima tama promo discon blackberry dacota rp onyx rp iphon ipad laptop camera dll info www megaprimatama com pin bb aea,0
meganai ruma bpk ibu yg jual sd surpai sy berminat sy tlpn tdk tembus masalah harga hub suami sy dr irawan,0
melayani fasilitas pinjaman dana tunai jaminan bpkb mobil cover area daerah indonesia bunga flat bulan no bi cheking proses cepat data lngsng dijemput pihak survey bfi finance hub oktra mariadi sihaloho cp,0
melejit pintar kursus suami isteri aktifasi smangat bljr penguatan fungsi otak anak prestasi mningkat telepon ketik ok sms,0
mengenai rumah bpk ibu yg jual sdh survey sy berminat sy telpon tdk tembus masalah hrg hub suami sy dr irawan,0
mengenai uang kontrakan terusin harap bpk suyono nomor hp soalnya shd sya kuasakan penuh maaf sms,0
modal usaha solusi keuangan copy ktp kartu kredit npwp no rek pribdi jt dr bank hub lia,0
mohon maaf promosi pinjaman uang tunai syarat copy kartu kredit bunga mulai bln gratis asuransi hub ani lia proses cepat,0
mudahnya kta baru untuk pinjaman jt bunga gratis asuransi copy ktp kartu kredit slip gaji hub mido,0
nagamas elecktronik bb dakota jt bb davis rb bb gemini rbq bb torch jt dll call sms pin bb www nagamas cell com,0
nak ayah tolong kirimin ayah uang rb no rek yanti ayah lg dikantor polisi ngurus surat tilang mks,0
bayar transfer harap hubungi atasan bpk ardiansa no tlp soalnya perubahan pembayaran trima kasih,0
transfer tipon no baru soalnya perubahan no rekening terima kasih,0
nasabah bank bri yth selamat mndptkan cek tunai rp jt bank rakyat indonesia pin ijhk info klik kunjungi www hadiahbri blogspot com,0
nasabah bank bri yth no rek mdpt hadiah cek rp jt bri untung beliung britama pin ijhk info klik www info,0
nasabah bri yth cek juta undian bri kode triplle cek info hadiah klik www bripusat blogspot com,0
nasabah bri yth norek terpilih pemenang undian bri kode pin ijhk info hadiah klik www undianbri blogspot co id,0
nasabah yth minta menghub bri prihal tabugan cek rp jt dri bri dgn kode cek info klik www callcenterbankbri blogspot co id,0
nasabah yth rekning tbungn error hrus monitor ulang gunakn kmbli maaf sblum kntor hrap hub pk aryadhi dlu tks,0
nasabah yth rek mndpt cek rp jt kode cek info hub klik www hadiahbankbri blogspot co id,0
nasib berbagi berbakti rutinkan ringanlah beban hidup dpt wallppr http min biz whum stop ketik unreg nasib cs,0
nasib nutrisi otak slh nya berfikir positif klo sdh bs jd ilmu dpt wallppr http min biz jxpc stop ketik unreg nasib cs,0
nfo resmi nomor xxxxx terpilih men dpt hadiah langsung pt tri care pin pemenang fhjtl utk info lengkap klik www hadiahtricare blogspot com,0
no id pengisian pulsa tronil at mendapatkan hadiah program poin isi ulang tronik info resmi pemenang klik www isiulangmtronik webs com,0
pangmeulikeun heula pulsa bpa anu simpati ribu we digantian ku bpa ieu nomor na nya,0
pelanggan yth simcard dptkan cek tuanai rp jt pt tricare indonesia pin hdrjn cek pin kunjungi www programundiantricare blogspot co id,0
pelanggan yth slmt kartu gsm men dpt tabungan haji rpjt kopi jahe hut no pin efgr info sgr hub pelaksana pt sidomuncul,0
pelanggan yth mendapatkan hadiah poin plus plus indosat pin pemenang bch info pemenang klik www indosatpoinplus webs com,0
pelanggan yth selamat men dpt hadiah dr pengundian pt indofood popmie pin fhx info klik www pop mie indofood webs com,0
pelanggan yth mba muliani operator tri menghubungi tersambung jadi informasi sampaikan lewat sms hadiahnya jatuh tempo selamat nomor tri menang undian dr pesta isi ulang pulsa pin pemenang bh hubungi kantor tri jakarta tlp info klik www tricard blogspot com,0
pelanggan yth rezky operator tri menghubungi tersambung jadi informasi sampaikan lewat sms hadiahnya jatuh tempo selamat no tri menang undian dr pesta akhir tahun tri pin pemenang afr info klik www bonus tri blogspot com,0
pelanggan yth dri kantor tri jakarta sdh menghubungi no tpi tdk tersambung informasi sampaikan lewat sms no trpilih memenangkan hadiah cek rp juta dri undian isi ulanag tri pin undian afr info klik www care blogspot com,0
pelanggan yth simcard sbg pemenang mendapatkan hadiah mobil toyota all new yaris pin jf gebyar undian care untuk info lenkap klik www infoundian care blogspot com,0
pelanggan yth simcard sbg pemenang mendptkan hadiah mobil toyota all new yaris pin jf gebyar undian care untuk info lenkap klik www infogebyarhadiahcare blogspot co id,0
pelanggan yth simcard sbg pemenang mendptkan hadiah mobil toyota all new yaris pin jf gebyar undian care untuk info lenkap klik www infohadiahcare blogspot co id,0
pelanggan yth simcard sbg pemenang mendptkan hadiah mobil toyota all new yaris pin jf program pesta akhir tahun care untuk info lenkap klik www infohadiahcare blogspot co id,0
pelanggan yth tri care no xv pin_pemenang jf mendapatkan hadiah unit mobil toyota yaris info klik http tri webnode com untuk mencocokkan pin pemenang,0
pelanggan yth kios cell menawarkan pendaftaran cip kios token pln harga pulsa rp utk bergabung ketik info kirim,0
pelanggan yth selamat no simcard xxx resmi menang undian poin plus plus edisi th pin erd info klik www hadiah poin blogspot com,0
pembayaran jatuh tempo silahkan melapor hub kantor terima kasih,0
pembayaran nya bulan bayar harap telpon sms atasan bpk dedy hp terima kasih,0
penawaran terbatas software sms gateway utk iklan sms pilkada sekolah instansi kampus dll harga promo rp hub jasa advertising corp jam,0
penyetoran angsuran nya bayar harap tlp dlu atasan sy bpk iwan hp dri indomobil finance tks,0
permintaan proses untuk keyword reg gita layanan pt hypermind,0
pesan resmi care mendapatkan undian ketiga uang tunai juta www tri indonesia blogspot com,0
pesan resmi kios pesta isi ulang krt terpilih men dptkan hadiah cek jt pin mhr hub custumer klik www snmkios ed blogspot com,0
pesan resmi pt planet card mendapatkan hadiah cek tunai senilai rp jt jatuh pemenang kode pin bg silahkan cek www planet care blogspot com,0
pesan resmi pt tri care indonesia selamat simcard mendapatkan hadiah senilai juta jatuh pemenang lv kode pin ijhk silahkan cek www pt tricare com,0
pesan resmi ptcare berkat isi ulang pulsa no resmi mendapatkan hadiah rp juta care pin pemenang bh info klik www hadiahlptcare blogspot com,0
pesan resmi tricare selamat mndpt hadiah unt mobil honda jazz rs no pin pemenang bl untuk info kunjungi http gebyar care jimdo com,0
pesan resmi dr pt tricare slamat no tpilih mndpt hadiah unit mobil honda jazz pin pmenang lm info klik www hadiah tricaretbk jimdo com,0
pesan resmi dr tri care indonesia selamat no mendpatkn hadiah dgn no pin bl info silahkan kunjungi www gebyarcare jimdo com,0
pesan resmi dr tri care indonesia selamat no mendptkn hadiah dgn no pin pemenang bl imfo silahkan kunjungi www bimacare jimdo com,0
pesan resmi dri tri care slmt mdpt hadiah unit mobil honda jazz rs no pin pemenang bl utk info kunjungi www layanantricare jimdo com,0
pesan resmi dri tri care selamat dptkan hadiah cek tunai sebesar rp jt pin undian ad info kunjungi www undian bimatri blogspot com,0
pesan resmi dri tri care selamat dptkan hadiah cek tunai sebesar rp jt no pin undian ad info kunjungi www pusat bimatricare jimdo com,0
pesan resmi kios sim card menang hadiah cek jt promo kios pin mhr hub ir surianto klik www kjtn mkiosjkt blogspot com,0
pesan resmi pt care indonesia berkat isi ulang no dptkan hadiah kode pin bh info hadiah klik www hadiah ptcare blogspot com,0
pesan resmi pt care indonesia berkat isi ulang no resmi meraih hadiah kode pin jf info hadiahlik www berkat isiulangcare blogspot com,0
pesan resmi pt care indonesia mengucapkan slmt no simcard resmi meraih hadiah pin bh info hadiah klik www pesta hadiah blogspot com,0
pesan resmi selamat no simcard dptkam hadiah cek rp juta dr tri care pin yrkz info keik www id tricare blogspot com,0
pesan resmi selamat no simcard dptkan hadiah cek rp juta dr tri care pin yrkz info kelik www gebyarcare blogspot com,0
pesan resmi selamat no simcard dptkan hadiah cek rp juta dr tri care pin yrkz info kelik www situstricare blogspot com,0
pesan resmi selamat no simcard dptkan hadiah cek rp juta dr tri care pin yrkz info klik www bimacare blogspot com,0
pesan resmi selamat no simcard dptkan hadiah cek rp juta dr tri care pin yrkz info klik www bimacareindo blogspot com,0
pesan resmi tri no xv pin pemenang ytg terpilih pemenang ii hadiah cek tunai jt info lengkap tri klik www info webnode com nomer terus sms maaf telepon no,0
pesta tronik pelanggan setia tronik terpilih sbgi pemenang pin pemenang er info klik www gebyarhadiah com,0
pesta tronik pelanggan setia tronik terpilih pemenang hadiah pin pemenang aiue info klik www info undianmtronik jimdo com,0
pinjaman miliard jaminan bpkb mobil truck min th bunga syarat mudah proseshari pt bunas finance tbk cover all wilayah andi,0
plenetcell cari agen jual pulsa all operator harga pulsa rb untuk info ketik info kirim hhb cs,0
plg yth no simcard men dptkan unit toyota all new yaris gebyar tricare pin pmnang jf info hub klik www data tricare jimdo com,0
plg yth no terpilih menang cek rp jt dr pt telkomsel hut telkomsel thn hub call center,0
plg yth no xx dpt hadiah all new avanza dr pt telkomsel pin bch info klik www tsel resmi jimdo coma hub,0
plg yth selamat nomor care terpilih mendptkan hadiah cek tunai rp jt dr program undian care pin ca info klik www tricare jimdo com,0
plg yth no men dpt hadiah dr pengundiang pt indosat pin bch melihat hadiah klik www pemenangindosat poin webs com,0
plg yth simcard mendptkan bonus poin plus plus dr pt indosat pin fg info klik www indosat blogspot com hub,0
plg yth nomor resmi terpilih pemenang hadiah pt tronik no pin gf info pengurusan hadiah klik www gebyarmtronik tk,0
plgn yth mendpt hadiah unit mobil suzuki ertiga pt hm sampoerna tbk pin fah info klik www sampoernatbk co nf,0
plgn yth rian harino opoerator tri tlah menghubungi tersambung jdi informasi sampaikan lwt sms sblum hadiah jatuh tempo selamat no tri menang undian care no pin pemenang mgk hub kantor tri jakarta info klik www kejutanundiantri blogspot com,0
plgn yth tri mnctv mengumumkan nomor tgl maret pagi tdk tersambung jadi desi hermawati costumer servis tri plaza semanggi lt jl jend sudirman kav jkt pst mengirimkan sms penting jatuh tempo nomor simcard tri menang undian pesta internet tri hadiah toyota new yaris pin did info resmi klik www internet tri jimdo com,0
plgn yth tri mnctv mengumumkan nomor pd tgl agustus tdk dpt trsmbung jadi desy hermawati dr pt hutchison tri plaza semanggi lt jl jend sudirman kav jkt pst kirim sms sblum jtuh tempo bhwa no simcard menang undian pesta poin tri hadiah toyota all new yaris pin did klik situs resmi www my tri jimdo com,0
pnjaman mudah tnpa jaminan proses cepat syrt ft cpy ktp krtu kredit berminat call ari,0
promo blackberry bb dakota jt bb torch jt bb davis jt bb onyx jt bb gemini rb berminat hub promo terbatas,0
promo blackberry bb dakota jt bb torch jt bb davis jt bb orlando jt bb gemini rb berminat hub promo terbatas,0
promo cuci gudang blackberry samsung apple laptop beli dpt info call pin bb fb caturgadget ymail com,0
promo lebaran paket service motor olie rb harga rprb genuine oil gop shop info berlaku jui aug www genuineoil co id,0
promo terbaru toko artha jaya bb dakota jt iphone jt bb onyx jt camera dll call sms,0
pt tronik hubungi tdk tersambung no resmi meraih hadiah pin er cek hadiah www hadiahmtronik tk,0
pt garsindo cari agen jual pulsa kios all operator transaksi jam dgn harga gabung kirim,0
pt indofood tbk menyampaikan terpilih pemenang hadiah promo popmie pin aiue utk info klik www promoundian popmie jimdo com,0
pt pertamina persero menerima karyawan lulusan smk kirim lamaran cv ijazah photox notip email pertaminareckrutment ymail com,0
pt bni persero tbk rekening terpilih rp jt rejeki bni taplus kode cek silahkan klik www bnitaplus tk,0
pt indofood tbk menyampaikan resmi menangkan uang rp jt pop mie no pin xyqd info lengkap klik www undianindofood tbk jimdo com,0
pt mtronik berkah isi ulang pulsa tronik no dptkan hadiah pin pemenang er info klik www undianmtronik blogspot com,0
pt tri care pin pemenang dptkan hadiah unit toyota yaris info cek pin klik www tricare blogspot com,0
pt tri care selamat simcard mendapatkan hadiah unit toyota avanza pin fhjtl untuk info klik www hadiah tricare blogspot co id,0
pt tri no slamat no simcard mraih cek tunai rp jt program isi ulang pulsa pin mcxj info klik www bonustri com,0
resmi indosat no xxxxxxx terpilih pemenang poin plus plus pin pemenang bch info klik www semarak poinplusplus webs com sms dikirim no,0
resmi tri care pin pemenang anda_jf medptkan unit toyota yaris info lanjut klik www gebyarcare jimdo com cs,0
rumah tanah yg jual sy ibu ayu sdh survei berminat membeli mslh hrg mhn hub suami dr hj sopian,0
arum prasodjo operator tri jkt pst bekerja pt pos persero membuat surat pemberitahuan untuk alamat registrasi kartu tri temukan jadi kirim lewat sms info selamat nomor menang undian tri siarkan mnctv tgl agustus pemenang pin undian lengkapi prosedur hadiah jatuh tempo klik http www gebyar trichampions jimdo com,0
td pagi sms pt tri simcard resmi dptkan hadiah honda jazz rs kode pin bfgs info hub klik www pusat tri blogspot com,0
sayang belikn aq pulsa nmr aq yg telp km aq pake hp tmn skrg yacc,0
sayang kalah cepat khawatir ayo coba sesi berikutnya pastikan membaca pesan line indonesia untuk mendapatkan info mengenai waktu hadiah event sesi berikutnya,0
bayar transfer harap hubungi atasan bpk ardiansah no tlp soalnya perubahan pembayaran,0
dapatkan tiket pswt hrga promo penerbangan domestik internasional reservasi tiket mudah praktis hub www asia travel com,0
dptkan ijazah asli terdaftar akreditasi cepat kilat instan resmi silahkan www buatijazahs wordpress com hub tks,0
selamat mndptkan cek tunai rp jt dr pt bank rakyat indonesia pin ijhk info klik www bri untungbeliung blogspot com hub,0
selamat pemenang undian pop mie mendapatkan hadiah unit mobil nissan juke pin bch untuk info klik situs www info undian pop mie webs com,0
selamat pemenang promo undian pop mie getlucky men dptkan unit mobil nissan juke pin bch info klik www hadiah pop mie webs com,0
selamat terdaftar member pulsa kode agen pin saldo rp untuk menambah saldo ketik info kirim,0
selamat terdftr diprog gratis nelp mnt sms keisat internet hg mb dg isiulang mulai rb isiulang pulsamu nikmati bonusnya cekbns,0
selamat kpd pemilik no simcard xxxxxx mendapatkan uang tunai rp jt pt indosat pin rwd www indosat poin jimdo com hub spam,0
selamat no sim card dptkan hadiah unit mobil toyota yaris pin jf info hub klik www info hadiahtricare blogspot co id awas penipuan,0
selamat nomor care terpilih mendptkan hadiah unit mobil toyota yaris pin pemenang jf info cek www caretri blogspot com,0
selamat nomor care terpilih mendptkan hadiah honda jazz rs dr program undian care pin rwf info klik www tricare jimdo com nih bank bri no rekening atas nama bayu alamsyah,0
selamat no terpilih dptkan kejutan hadiah langsung care kode pemenang bch utk info lenkap kunjungi web www hadiahtcare blogspot com,0
selamat mendpt hadiah rp juta telkomsel point edisi september hub kntr pusat ir dwi hartanto,0
selamat hadiah satu unit mobil alphard dr telkomsel info hub kunjungi website http telkomselundian jimdo com,0
selamat men dpt hadiah rp juta telkomselpoin periode maret pin hub kntr pusat ir wardoyo,0
selamat mendpt hadiah rp juta telkomsel point edisi september hub kntr pusat,0
selamat dptkan hadiah cek tunai rp jt indosat pin_anda fg info pengambilan hadiah kunjungi website indosat www hadiah indosat blogspot com,0
selamat mdptkan satu unit mobil nissan juke dr pt indofood pin_anda tdn info pengambilan hadiah kunjungi website www popmieget lucky blogspot com,0
selamat mndptkan hadiah cektunai rp jt indosat pin_fg info pengambilan hadiah kunjungi website indosat www gebyar poinindosat blogspot com,0
selamat memenangkan unit mobil freed dr telkomsel edisi thn undi tdi mlm pkl rcti info hub mulyadi pengirim,0
selamat dptkan hadiah unit mobil honda jazz uang tunai jt rs dr pt tricare pin pemenang bfgs info klik www tricareindonesia com,0
selamat pelanggan xxx mendpt hadiah program poin plus plus indosat no pin fg info klik www poinplus plus webs com,0
selamat no simcard resmi dptkan hadiah unit honda jazz tri care pin pemenang ztkm info cek pin klik www infohadiahtricare ml,0
selamat rpilih ngsung ndptkan hadiah dr pt telkomsel rp jt info hubungi pusat drs mulyadi pelaksana telkomsel,0
seminar denpasar bali mewakili kemahasiswaan kewirausahaan biaya transport rp juta nomor peserta semnas dikti direktur kemahasiswaan dikti prof dr joko purwanto si hubungi wahyudin zarkasi no referensi ptx,0
sim card dptkan hadiah yunit mobil toyota yaris no pin pemenang jf info www hadiahtricare blogspot com,0
simcard pemenang gebyar isi ulang tri pin nf lakukan verifikasi www idtricare blogspot com,0
slmat no dpt dana bantuan rp jt dr pt sidomuncul info hub ir hj muliyadi pelaksana pt sidomuncul,0
slmt no mendptkan hadiah unit mobil honda jazz dr promo tri care dgn pin pemenang lm lnfo klik www kejutanbimatri blogspot com,0
slmt no resmi dpt hdiah rpjt dri pt mkios pmenang pin info hub pak risal dermawan mkios,0
slmt simcard xxxxxx mdpat cek tunai rp jt pin rwd info cs kunjungi www indosat id jimdo com,0
slmt no men dpt hadiah dr pengundian pt telkomsel no pin bc untuk melihat hadiah silakan klik www telkomselpoin webs com,0
slmt no mendpt hadiah rp juta telkomsel poin diundi mlm pukul wib rcti info hub ir serianto pengirim,0
slmt no men dptkan hadiah dr pengundian poin plus plus indosat no pin dhi info pemenang silahkan klik www kejutan indosatpoinplusplus webs com,0
slmt no men dptkan hadiah dr pengundian poin plus plus indosat no pin dhi utk info pemenang silahkan klik www kejutan indosatpoinplus webs com,0
slmt no dpt mobil avanza dr kartu as undi td malam metro tv pkl wib info klik www telkomsell jimdo hub,0
slmt no dpt mobil avanza dr kartu as undi td malam metro tv pkl info kunjungi almt www priode webs com hub tsel,0
slmt no mendpt hadiah rp jt telkomselpoin diundi mlm pukul wib rcti info hub drs srianto pengirim,0
slmt no dpt unit mobil all new avanza telkomselpoin pin_pmenan bch info lengkap kunjungi www telkomselpoin pusku com,0
slmt_no mndptkn hadiah grand prize uang rp jt dr telkomsel poin no pin gjk hub call center pengirim sel,0
smlt_anda ndpt hadiah toyota all new avanza dr telkomselpoin pin pemenang bch info lengkap kunjungi http gebyartelkomsel juplo com,0
solusi khusus pemegang kartu kredit nikmati kredit angunan bank asing jt jt hub lukman,0
solusi praktis khusus pemegang kartu kredit nikmati kemudahan kredit agunan jt dgn max pinj limit hub fany abaikan tdk berminat,0
surat keputusan tri care indonesia no xv pin_pemenang ytg mendapatkan hadiah cek tunai rp jt info kunjungi www id tri webnode com,0
surat keputusan tri care indonesia no xv pin_pemenang hhh mendapatkan hadiah unit mobil honda jazz rs info klik http tri webnode com,0
surat keputusan tri care indonesia no xv pin_pemenang ytg mendapatkan hadiah cek tunai rp juta info klik www info undian webnode com,0
surat keputusan tri care indonesia no xv pin pemenang ytg terpilih mendapatkan cek sebesar jt info kunjungi www my tri webnode com,0
surat keputusan dr tri care no xv pin pemenang mcxj mendapat cek rp juta info klik www info careindonesia tk,0
surat keputusan dri pt tri care no xv pin_pemenan fc ber hasil men dapatkan yunit mobil honda jazz rs info kunjungi www situshadiah care blogspot co id,0
surat keputusan dri tri care no xv pin pemenang bfgs mdptkan hadiah honda jazz hub info pin klik www tricareindonesia com,0
surat keputusan pt tri care slamat no resmi meraih hadiah toyota yaris pin undian fbgs info hub klik www pusat tricare com,0
surat keputusan pt tri simcard resmi dptakan hadiah honda jazz rs pin undian bfgs info hub klik www gebyar tricare com,0
surat keputusan pt tri slamat no xxx resmi dptkan honda jazz rs kode pin bfgs info hub klik www hadiah tricare com,0
surat keputusan resmi dr tri care no xv pin pemenang xvf mendpt unit mobil honda jazz rs info klik www kejutantriindonesia blogspot co id,0
surat keputusan resmi kios noxv menyatakan no resmi meraih hadiah dri pt kios pin mk info klik www hadiah ptmkios blogspot com,0
surat keputusan resmi slmt no sim card pilih pemenang dri pt tronik pin fe info klik www cekhadiahmtronik ga,0
surat keputusan no vii kode undian ad selamat no mendpt hadiah cek tunai rp jt info kunjungi www gebyartricare co vu,0
surat_keputusan tricare indonesia no xv pin pemenang jf mendapatkan toyota yaris info kunjungi www tri webnode com blogspot com,0
sy ajeng mendapat sms pt care indonesia uang tunai rp juta website www pttricare blogspot com dimintai membayar administrasi rp juta sy telpon pak bambang purwanto diberi nomer rekening tujuan pembayaran administrasi bank bri pt tri lestari websitenya dicantumkan ktp marketing office pt care indonesia,0
sy dr hj fatima sdh cocok mengenai rumah tanah bpk ibu tlg jgn ditawarkan lg yg soal hrg negosiasi suami sy dr hendra irawan,0
sy dr rimbawan dirmawa ipb yth jajang roni aunul kholik nim minta hbngi skrng prof dr ir yonny koesmaryono ms tunjuk hadir seminar pengembangan karakter mahasiswa dikti tgl april htl nusa dua bali trims,0
sy rudi jambi bgi tman yg kalah togel kalahkan bandar hub mbah ros jamin tembus sy sdh buktikan jt,0
sy rudy dri malaysia brencana investasikan uang sy sbagai bekal hidup indo sy butuh org yg sy percayakan uang sy rm jt bsedia sms,0
terima kasih melakukan isi ulang sunny trx sukses sbsar sn byr plntelkom tnggu kedatangan kembali,0
terima kasih melakukan pengisian counter war pul cell info melayani pembayaran tagihan pln,0
terpilih cek jt kode triple cek info klik website www undianbri co vu,0
togel sgp edisi senin angka jitu jamin tbs stlh tbs krim plsa rb maharnya dkrm no ki karso,0
toko bagus phone promo diskon blackberry dakota rp jt torchrp jt gemini rb info sms pin fc www tokobagusphone com,0
toko bursa cuci gudang diskon bb dakota jt toch jt gemini jt laptop info pin bb afbe www shopinbursabb blogspot com,0
toko jaya bb discount berbagai type blackberry gemini ribu torch jt dakota jta nokia samsung info klik www jayabb com,0
toko jember promo discon keyboard yahama dakota rp jt onix rp jt gemini rp rb info sms pin bb cd www jember shop blogspot com,0
toko niaga cell disc khusus promo blackberry nokia samsung iphone dll info hub sms buka website www niaga cell blogspot com,0
toko rahmat abadi big sale blackberry iphone ipad samsung laptop dll info hub sms pin abbee cek www abadi shop blogspot com,0
tolong belikan mama pulsa rb no as baru mama soalnya teman mama kecelakaan skrg kluarganya hrus dihubungi nti mama ganti uangnya penting,0
tolong uangnya kirim rekening aja bri hasan mahmud rek sms aja klau kirim makasih,0
tolong uangnya transfer aja kesini mandiri rahmad adrian no rek sms aja kalo sdh dikirim trims,0
tolong uangnya transfer bank an ardiansyah ditransfer sms terima kasih,0
tolong uangnya transfer aja bank bni friska ananda sms transfer trimksi see more at http metropolitan com read detail awas modus penipuan sms model baru sthash dkwneae dpuf,0
tolong uangnya dikirim aja kesini bank danamon farida hanum no rek sms aja klo udah dikirim trims,0
tolong uangnya ditransfer bank xxx xxx xxx ditransfer sms terima kasih,0
top celluler discound bb dacota rp jt bb onyx rp jt bb gemini rp jt laptop kamera iphone dll info kunjungi www top celluler com pin bb aa,0
tour travel dptkan tiket pesawat promo domestik internasional mudah aman booking online jam hub telp websete www lion airtravel com,0
transfer bank xxx xxx no rek xxx ditransfer sms no ya,0
transfer bni aja soraya harum rek klo sdh kbrin nmr ya,0
transfer mandiri aja resti amanda norek,0
transfer uangnya rek mandiri no rek darman klau sdah transfer sms nmor trima kasih,0
transfernya bri aja angga prastia no rek,0
trima ksh mjd pelanggan cnf aqua gnkan no untuk pemesanan air isi ulang agua asli sed jga gas kg kg tlng sebarkan sms tmn kost kampus jga ya jgn berhenti km terima kas nb tlng save no pemesanan aqua la membutuhkan mksh gratis,0
tselpoin kejutan poin hadiah rp jt resmi diberikan xxxxx pin bbc info hub cs pt telkomsel pengirim,0
uangnya trnsfer bni aja rastina no rek klo sdh trnsfer sms aja no trmks,0
uangnya dikirim aja rekening bankbni safitri no rekening,0
uangnya dikirim rek bank bni sdr abdul rahman no rek sms dikirim terima kasih,0
wassalamu alaikum wr wb uangnya dikirim no rek bri nova aryaxxx xxx sdh transfer sms aja no trmh kasih no hp pengirim sms,0
ya allah semoga yg mempunyai hp keluarganya kasih sayang mu diberkahi rejekinya dijauhkan mara bahaya jawab amin berkenan,0
yank tlong isi in pulsa rb no aq yg tlpn yacc,0
yank tolong isi in pulsa no no baruq skrng penting,0
yank isikan dl pulsa no as gw gantiin penting bget nih krn barusan bos gw nelpon gw tgguin yach,0
yth bpk ibu bni menyatakan rekening terpilih pemenang hadiah rp jt kode cek info klik www bankbni blogspot com,0
yth isti sofiyah diminta hubungi bpk drs safi pd kadisdik ntb perihal seminar gratis dikti bu sri tu diknas,0
yth kpd bpk ibu sy eka novitasari kariyawan care hub tdk tersambung dgn hormat sampaikan sms singkat dr layanan selamat no dptkan hadiah unit mobil toyota avanza dgn pin dr undian rejeki care periode utama info lanjut kunjungi www rejekiundiancare jimdo com,0
yth miitra silahkan cek poin tukarkan admin format po pin kirim xxxxxxxxxx,0
yuk ikuti akun dakwah caranya ketik ikut spasi akucintaislam kirim,0
kfc yg deket enhaii dy,0
maaf janji terpenuhi janji mengingatkan,0
ngsih bunga ato coklat min,0
sambl nunggu gimana kalo ngerjain form formnya aja,0
akademik untuk perhatian tuk jadwal kontrak kuliah ang sebenarny kuliah ikut jadwal kur yg baru ang ato keatas jadwal yg jadwal bayangan tuk tujuan kontrak kuliah diatas ga berlaku tuk mk yg berjalan ang spt skripsi sidang harap diperhatikan,0
info pla assalam yg ambil mk pla wajib kumpul hari tgl kamis agustus pukul wibb agenda pembekalan penjelasan pla tempat gdg jica lt informasiny harap diperhatikan disebarkan,0
info teman yg mengumpulkan data asisten lab matakuliah bukti berupa surat keterangannya diambil pak andri,0
terdaftar pelanggan tcash full service tingkatkan saldo dg isi saldo tcash merchant berlogo tcash terdekat,0
pin baru tcash silahkan menggunakan pin baru untuk menikmati layanan tcash telkomsel,0
nya mad bingung bkn laporannya,0
aamiin makasih moga cepat lulus,0
aamiin makasih semoga teman cepat nyusul semoga urusannya diberikan kelancaran allah aamiin,0
abis maghrib yaa,0
belakang warkop deket indomaret gerum bulan,0
bip studio fotonya gitu,0
nama tpi gatau msh berfungsi engga udh ga dipake sih,0
diruangan nya,0
internet min alamatnya dmn,0
mba harganya jt bln fasilitasnya air hangat kamar mandi tv tv kabel wifi meja tempat tdr lemari,0
nya instagram,0
perasaan nyesel gt waktu kuliah asa ga merhatin ga ngerangkul pribadi hmm,0
panduan pla dishare grup fb,0
sih yg nikah muda tp keliatan bahagia tp one of million kayaknya kalo temen ku hmm,0
teh dikpad kontaknya,0
rb kamar mandinya kamar mandi besar rb,0
yg ikan tahu tempe,0
yg nikah muda yg gagal nikah yg pacaran eh putus alesannya karna sayang jd gak nyakitin pret yg jagain jodoh org yg ah wkwk,0
yg tau ruangan pak daya yg fpmipa,0
yg tdk jam kemungkinan pagi jam diumumkan,0
aduh ge pusing yg lamaran yg nyari kebutuhan,0
aigoo banget chatnyaa baru liat hape hehehe,0
airnya asa kurang lancar besok ku tanya papa yah,0
ajakin soekarno hatta aja nama makan eatboss soekarno hatta wkwkw,0
spagetti tp usah kaldaluarsa yah,0
bawa daging yg dah direbus gapapa yg mentah tinggal tulangan wkwk,0
besok dtg telat jam ngga jam ya mulainya,0
delete aja ya ntar nama pull sync ntar masukin nama baru push,0
pasca skrng,0
pt,0
dy wkwk kurang direstui jg krna kejauhan,0
ga enak euy bilang adiknya adiknya pengen pvj nama,0
ga upi,0
pagi tp masa berdua nama doang pake grab nunggu nama siang,0
jg blm berangkt wkwk,0
jg rumah lg ga gara kulkas rusak suka nyetok sayur,0
jg waktu foto tgl juli katanya selesai agustus,0
kira besoook,0
kumpul pon dy kalo haris kerjanya sore mo pacaran dy,0
mah plg kerumah ketemu ayah mama cukup,0
mah ditinggal jualan jd marah ntar alesannya duit km diem lgsg haha,0
bawa balon sm coklat min nitip,0
nyari data dibutuhin tabel aja,0
merasa geleh sendiiri lipstik merah wkkw dapet dikasih jg,0
push updatenya udah template adminlte,0
senin udah tempat kerja minggu gaktau ngga,0
teh bawa celana jeans yg tua tp jilbabnya yg muda,0
alhamdulillah makasih yaaa udah meluangkan waktu,0
alhamdulillah puji syukur atas nikmat allah swt memberikan nikmat hidup detik untuk mengevaluasi menyadari melakukan kekhilafan kesalahan,0
alhamdullilah beres keluar group dipersilahkan silahkan yg memanfaatkan group untuk diskusi topik terkait untuk skripsi gemastik kerjaan,0
andipublisher com po bni bank mandiri,0
asal pagi pagi ya bjam an jakarta,0
nama jg text dy text essay jawaban gt jd misal nih murid guru si guru ngasih ujian hasil jawaban ujian murid dibandingin jawaban guru jawaban yg bener trs outputnya berupa skor hasil ujian,0
nama msh pake db yg msh anomali nyesuain ga,0
nama cuman nambah table daftar_ulang_ird masternya yg samain aja ya pake yg data_pasien sql,0
assalamualaikum akang teteh lupa ya hari carrier day jam exhibition fpmipa love hayuu teh ditungguuu,0
assalamualaikum bu nama mhsi ilkom baru dpt pembimbing skripsi mohon maaf bu minggu kampus hari ap aj bu terima kasih,0
assalamualaikum pak nanya seputar mobcom sp ikut perkuliahan ikut pas sp aja pak trims,0
assalamualaikum pak mohon maaf tanya pak remedial dwm hadir tempat pak online mohon maaf,0
assalamualaikum pak dg nama ilkom maaf pak td ninggalin proposal meja bapak atas printer terima kasih pak,0
assalamu alaikum wr wb berikut daftar penguji pla tahap,0
assalamu alaikum nama minta bantuan,0
assalamualaikum yg tau kalo file penilaian fb,0
gaperlu kampus nama tolong kirimin kuncinya aja make jne cenah ip,0
atuhlah meninggalkan yg nyaah jgn gitulah gais bisi teringat masa,0
atulah teh udh ngidam sate maranggi dr bulan puasa naha ka subang teu ngajakan ih,0
ayam aja pak terus satu paket isinya ap aja,0
ayam menunya bu ayam bakar kremes cabe ijo lada hitam asam manis rica rica baberque untuk isinya nasi ayam lalapan sambal tempe tahu air mineral gelas bu maaf bu paket rb rb tau anggaran ibu ya,0
ayo nama semangat skripsian yaaah biar cpt lulus kerja cpt nikah wkwkwk,0
diuji diserahkan dgn dijilid yg sdg nunggu diuji sabar tuk sesuaikan waktupenguji,0
yg tertarik lanjut gemastik tempat diskusinya http line me ti xxxxx,0
baik pak berarti kamis kantor,0
baik pak bsk bawa form penilaian ya pak berkas,0
bali mah kudu atuh duitnya,0
baru ngeh chatnya maafkan maaf,0
bebas nama terus tgl libur pajuin aja misal jadi kamis sabtu,0
bebas senin stuju aja yg kebapain program,0
beli es kelapa besto teh,0
de kagi nyoba ngejar,0
diuji pa insya allah siang hari kampus mudahan pa eka nya,0
bentar lg gik buru ga kalo buru nitip yg ngontrak ipc aj,0
berarti palasari nya skrg abis langsung gik,0
besok kasihin softfilenya gpp,0
besok dwm jadi ya praktikum weka bawa laptop,0
besok jam berapaa jadi ih udah kali skip,0
besok kekantor tunggu jam ya,0
besok kampus ga,0
besok rapat dinas selasa aja ya,0
besok siang ya jam,0
besok yuk dua jam bih jam,0
beu atuh nunggu yg pulang ppl,0
biar rapih aj mad controllernya msh digabung bikinnya perfungsi soalnya,0
biasana sih pak nama sampe jam kampus,0
subang ya kalo weekend,0
mah stasiun teh lewatin rel nama,0
bimbingan lg nama da,0
bebas nama terus tgl libur pajuin aja misal jadi kamis sabtu,0
bu buka jam bu,0
kurang rb ga pak acara bebek komar iti rb awal tahun,0
turun mencegah ikut remedial persiapan asal asalan menjawab,0
bisi ga enak ga bantuin beberes ato masaknya,0
blm cek min penting bgt gedorin,0
blm beres sep byk bug,0
blm mad ntr sore td udh ktmu,0
bntr pulang,0
bntr lg sholat mel keluar upinet kasih tau ya males balik,0
bole duaduanya pen hardcover tp perusahaan udh minta ttd,0
bu bakal pindah bulan keberatan kabarin bu terima kasih,0
install bawa installernya,0
minta alamat nya kalo gang softball kmna gtu,0
nitip coklat alhuda,0
ramen aa gpp jam ya,0
bsok kmpul euy gmna tpi gini aja vote aja yg bsok sapa skrg sapa,0
btw magicomnya yg gais gaada yg gede,0
bu maaf lupa hari jumat ya jumat buka jam bu solat jumat maaf upi ya,0
bu mastiin ketemu jica bu,0
yg mahasiswa baru,0
bulan daging sapi dibakar dmna pantai rumah nama,0
cape sih tp da susah euy kalo udah pikiran gtu teh,0
cara panggil na localhost sistemrumahsakit gerbang rawatdarurat,0
cari seken murah meriah kualiatasnya bagus,0
ceritanya aja tp tetep bikin nangis,0
coba yg prodi punten liatin jadwal sidang tulisan suruh kumpul jam brp gitu gak nuhun,0
cobaan teh dy kadang cewe mah overthink overreact,0
cukup alquran sbgai pedoman org yg beriman,0
da gapapa public asal dimasukin,0
da sebenernya makan indomie ge cukup mah,0
pt gagas pt ixindo pt bima data pratama sma sukarnohatta sma purwakarta smk pgi sma swamedia kang,0
data_pasien no_medrec sdgkn daftar ulang pake no_register karna field yg diisi daftar ulang beda tablenya beda,0
derr ya wacana kaka bunda,0
folder sql aya sql rawatdaruat sql tinggal sesuain maneh we cobaan ente jalanken urg mh teu jalan ngan load view mh error database soalna lieur gabungken database na,0
kfc belokan setiabudi bawah pom bensin colokan gak sih,0
diagnosa pasien_irj ga diagnosa,0
nama helmkuuuu,0
nama ntr kosan yaaaaa,0
dikirim nya disatuin,0
nama dah selesei blm machine learningnya,0
nama nmr yg ntr ayu sms kl udah dpn kosan yah,0
nama kosan yah nanya jg soal laporan ga,0
nama minta controller view nya aja,0
nama minta database view controller js dropdown kotanya,0
nama pakai flash animasi ga pakai movie maker,0
nama kosan gaaa numpang dooong,0
nama dmna mnta tolong ss bisns proses nya,0
nama pt inti,0
nama maapin baru buka line,0
nama pergi ga kalo engga kosan,0
nama note nama dinamic emil kembaliin nama gmana,0
nama cara bikin makalah daftar isinya langsung jadi gmana,0
nama graha desila kmr lt aqua kembalian,0
dilantai ya tepat diruang skripsi,0
dimulai angka,0
dmana aja kang hehe,0
doakan aja ya bsok lancar cepet nyampe jam malem,0
dr ciateul terus masa kekalapa lg frown,0
duh gusti ujan gede semoga riung gak bocor yah gais,0
gila namakuuu luluuus,0
edan edan nama semoga menjadi keluarga samawa,0
eh instances deh diload ga bs,0
eh kosan nama maksudnya temen nama september,0
eh gatau td bagus nanyain,0
eh iyaa gais kadonya udah kasih yaa kata nama makasihh maaf salah minggu udah samarinda,0
eh brati makan kali ya malem sma bsok pagi,0
eh tp jam pas jgn malem hbs mgrib takut plg wk,0
emang berbayar nama,0
enakaa ajaaa gw diantar cowok gw yaa dijmput nama,0
engga tau sep ntr kosan cek semalam liat,0
engga teh udh siap brgkt td line teteh,0
eta mah data dokter keseluruhan maksud urg teh si pasien teh aya meren pariksa ku dokter saha,0
nama lembar yg kamrin minta pak anto tp ibu minta yg bab diparafrase kalimatnya jgn copy paste,0
nama perjalanan besok aja habis jumatan ketemu kanto web service nya akses,0
food teh maksudnya beras kang,0
ga birthday nya wkwk,0
gaaais dlm semenit aja jd nasabah btpn wkwk,0
gaaais penamaannya kyk nama nih biar rapih,0
gaada yg temen mah,0
gaes gaes drakor gaes besok yawww,0
gais brgkt matiin hp,0
gais bsk kke kantor ya nyerahin laporan udh dpt ttd paedi hard jilid jgn lupa ya source laporan cd,0
gais chat tolong dibaca dipahami biar ga ulg,0
gais kalo dri upi unisba pake angkot pulang pergi,0
gais kata ngantor tgl bawa form penilaian daftar hadir form bimbingan sekalulian foto,0
gais kyknya bapa ga bls sms gmn tp bapa bls sms teh tia blg dikantor tia jg blg kekantor hari,0
gais laporan bimbingan pembimbing lapangan,0
gais tanyain pla ap aja yg diminta dr tempat pla selesai nilai dr kampus surat ga,0
gajadi gadiabsen yg telatnya lebib dr menit da kayanya,0
gak takut tp emang blm gatau sampe kwkw,0
gak sih percaya aja dosa tanggung hehe nilai mobprog selesai silahkan dicek,0
gampang da tampilan doang,0
gara gara batman pdhl udh diulang,0
gatau nuy suruh tunggu aja cenah belom diinvite apapa mah,0
gatau bapa nya keburu jumatan pokonya suruh ngumpul dlu gt katanya,0
geng hari jam brpa respon yah,0
gimana nuy menghadapi beliau,0
gpp kali beda beda sep,0
guys yg bermotor ngampus gak temenin ambil foto laaah unbearable,0
guys gabawa beras yaaa abis dr pasar beli berat bgt yg bawa beras mohon dilebihkan hehe,0
guys bdg studi foto yg gini gaaak,0
guys numpang promosi bisi yg butuh dijual macbook air layar inch ram gb ssd gb garansi sisa bulan dijual jarang pake harga pm,0
guys ganti template nya,0
guys untuk groupwherenya pake github aja ya,0
habis pake groupwhere biar ga berceceran filenya,0
haha ayook bully adi ndut,0
hai akang teteh tau calon pemimpin kemakom periode yuk simak visi misi,0
harganya kisaran rb nama,0
hari kamis baru masuk,0
hayu da gais tp kudu disurvey bisi tiba something wkwk,0
hbd nama cepet sidang cepet wisuda yaaa aamiiiin,0
hehe sep ku jebol pake solder tp jd jelek,0
hmm sebenernya cuman eksekusi jquery control sep coba cek jquery yg dicotroller waktu klik button controller yg nyetak pdf,0
hmmm tiket batam duit gile,0
hub lg kalo udah dkt wktnya,0
ibunya bobok nanya ttg daging kalo daging presto,0
info gempa mag sr jun wib lok ls bt km tenggara kep mentawai sumbar kedlmn km bmkg,0
hujan semalaman ruang tengah kamar kayanya gabisa nyalain nunggu kering baru nyala smg ujannya berenti,0
udh gorengin,0
kalo lg beneran ngumpul lg mewek berjamaah,0
insyaaallah ikhlas mel asa udah bahas digrup trs yg responnya gt,0
isi saldo nya grapari indomaret ato tf bca,0
pake data dummy ntar gampang mh,0
namanya ap nur tokopedi bukalapak lumayan laa complete walopun kw sejenis,0
teh sebenernya krna sakit sma orang nuy kalo udah nemu orang baru mah rasanya beda,0
tugas pentaho langsung presentasi pentaho nya,0
iya inget jam dinding rumah awet katanya hadiah pernikahan,0
iya nama terakhir lab jarkom pas copy sql sigindo tea,0
iya ih ko sedih sih gtau lg bandung,0
iya ih maksimalkan waktu sebulan wkwkwk pdhl aja yg mo pindah,0
iya kosong agus sept,0
iya file terkahir data_pasien,0
iya kar lg dikosan nih numpang ap,0
iya singapur make dolar tea gening wkwk,0
iya liat mock up nya maksudnya,0
iya put alat masak makan mah usahain,0
iya teh soalnya selasa bapa hari rabu berangkat,0
iya ya ratarata programmer gt hirenya udh pake csps gt gt,0
iya butuh data teh soalnya datanya rj rd,0
iya kamera kecuali kamera lia taro situ,0
iyaaa makanan bumbu dsb biar dibawa dr rumah irit hehehe,0
iyaaaa ayyuuuukk biar reunian dg org fir,0
iyalah malam mahal kek yg suka dijalanan,0
jadi meet upnyaa nih temaan temaan,0
jadi kitanya cari kesibukan jg ya biar ga mikirin cowo melulu,0
jadi males banget pla asa ga beres wkwk pa rawosi ga bermasalah,0
jadi barang yg dipilih nyesuain budget aja pilihan diatas,0
jadinya ambil bulanan sampe desember sekamar berdua sodara,0
jadinya sok sebagian uang kas kira,0
jajaran kantin kesana deket pengkolan pokoknya kang tulisanya da,0
jam wid berangkat jam,0
jam berangkat aja gmn teh,0
jam brp brpnya bsk kabarin ngumpul sore yaaaa,0
agendain suka ga jadi wkwkwk,0
gitu kang tersinggung,0
januari mah ambil seminggu aja masuk seminggu januari,0
januari pokoknya sapapun kemanapun liburan fix aamiin,0
jauh jemput poskamling cilimus dee,0
jd kpnnnih kekantor ambil form balik lg ngasih laporan jd laporan ga lampiran,0
jd misal nih murid guru si guru ngasih ujian hasil jawaban ujian murid dibandingin jawaban guru jawaban yg bener trs outputnya berupa skor hasil ujian,0
jgn lupa malam jgn malam aja seadanya aja jg,0
jemari berjabat batin rindu keikhlasan maaf lewat pesan jemariku bersilaturahmi mohon maaf lahir batin,0
jumlah poin tgl poin termasuk kategori red masa berlaku poin des,0
ka ga liat kosannya skrg soalnya ngerjain uts take home ka,0
untuk ayam kremes cabai ijo teh untuk bakar rica rica kasih rb deh pakai box air gelas,0
agus sept blm menjamin kosong,0
gamepro uasnya materi praktek pak,0
gagal urg pindah haluan deh,0
bikin model controller mending,0
pertable emg lbh rapih laporan sih mad cuman bingung pertable kdgkan yg dipake didr bbrp table gmn tuh mad,0
kalem diantapani ujian intan hher,0
udh brp kali bimbingan ngomongin aja blm,0
kalo daun pepaya mah bungkus daunnya pake pepaya put,0
kalo ngasihinnya habis ashar aja gpp,0
kalo sih pertabel nama mnyesuaikan kebutuhan,0
kalo daftar doang jadi prasidang ga,0
kalo engga belakang aqila bulan gatau engga deh,0
kalo grup jarang baca haha jd suka ketinggalan kabar berita,0
kalo kata raditya dika tuh cara pandang org ttg cinta berubah mengalami patah hati terhebat haha,0
kalo kep seribu mending ikut nih tinggal duduk manis unpad du,0
kalo masak bawa bahannya dr rumah biar irit wkwk,0
kalo ngga besok kampus senin nama kampus nya,0
kalo nonton hr mahal yah week end,0
kalo pacaran jg cowonya yg sayang guys biar ga ngebatin,0
kalo pake daging yg dah direbus enak gak dijadiin sate,0
kalo satpam tanya bilang aja ketemu,0
kalo udah ad progres besok aja jam an kesini,0
bandungg,0
sibuk ngapain aja disana,0
yah ngajakin,0
bapaknya ngomong ya trs ditanya blg lg rame ma sibuk dikampus yaa,0
gatau ngeditnya kek gmn haha,0
karna bulan baru qaqa ngomong gituch,0
kang nama tuh baru menang milyar hahaha kemakom berprestasi,0
kantin fip nama td perpus tp bntar lg sholat,0
si surabaya besok hati kamis kantor gimana,0
kartu sim berhasil diganti terima kasih,0
kasih norek aja kesebelah tau yg jg punya hak untk udunan wkwk bilang bts waktu trfr niat,0
kantor siang aja,0
keknya liat undangannya prodi,0
kmpul yu sblum puasa waktunya,0
lewat kolam renang gymnas gik,0
yg stay pdg aja mah tinggal cuss aja meet up nya,0
ko gtu ya parah bgt masa jam kerja ngeroko biar dapet inspirasi meren ya,0
optimis ngga yah,0
koreksi salah bisi lupa bagus sih coba coba nggak mubazir dibalikin csv ya pake transformasi,0
krn pulsa limit mencukupi dptkan informasi seputar kartu tri via aplikasi bimatri,0
ku ratus nih tabungan nama tabungan nama cabut manaada,0
kumpul aja lab basdat biar bareng,0
kumpulnya makan daging jadi gak usah resto,0
kurang tau sep periksa controllernya waktu instansiasi new tcpdf lupa,0
ga gera sma si kaka tp kalo dianterin ga enak,0
lebay gt katanya meni gitu ama mamanya teh gak blg,0
lingkungan kerjanya berasap kalo gak ngerokok ya nge vape gitu coba cowok banyaknya,0
load controller construct mad kmren coba ga bs terpaksa dlm fungsi,0
maaaaaaaaf lupaaa hp baru nyala dadi pagi pulang kosan maaf pisaaaan,0
maaf mengaktifkan paket flash nomor terdaftar,0
maaf bu jadi jam ya ketemuan bu bgmana baiknya,0
maaf bu pesanannya bebek ayam ya,0
maaf kaprodi yah hehe,0
maaf keyword masukkan salah info lanjut hub call center,0
maaf pesan terkirim silakan coba terimakasih,0
maaf pulsa cukup untuk melakukan pembelian paket flash dipilih silahkan isi ulang pulsa,0
maafin ya guys gak hari huhuhu,0
mah melan kosan dila habis kerja kelompok kepegat hujan,0
tibatiba layarnya hitam gt diapain jatoh,0
makasih gais doakan yg berjuang ya,0
makasih semuanyaaa mohon doanya yaaa,0
malem aja jam nanggung banget mw maghrib haha,0
duduk plg kdg ga tau keadaan dblkg yg hdr yg engga wkwk,0
mandi selesei isya bobo,0
masak dikosan makan orek buatan min,0
ikutan gaaaa wkwkwkwk,0
ngerasa bersalah ama sebenernya,0
sungai diil,0
matikan services spt antivirus dll,0
minta kirim foto selempang yg waktu makasihhh,0
naik gojek ga driver kayanya bawaan,0
nitip ga gerlong,0
dibawain kacamata ga keluar jam,0
sunday terus rasa slainya,0
memperbaiki bug karna ganti db bbrp lg enak nonton td ditelfon,0
merica jeruk nipis ajaa,0
mgkin periksa nama id view jg sep,0
min kalo inpo kosan perbulan share ya,0
min lg dmn mo ngambil sertifikat yg kompas hihu,0
minal aidzin walfaidin mohon maaf lahir batin ya akang teteh,0
minggunya pengen lembang git seharian ngubek bandung,0
minta email github nya,0
mohon maaf lahir batin ipa,0
mohon maaf pak semalam konfirmasi ikut remedial nilainya ikut remedial,0
ga birthday nya wkwk,0
mudahan ya dil besok coba telkom lg doain yah tear,0
mul snack satu teteh kasih rafael ya,0
aa nya tau kl wajah nama bakal beda pas gaya up,0
murah nuy drpd naik angkot rebu ngetem macet gt,0
naik kelapa ledeng turun ciateul terminal bgt terus naik kalapa dayeuh kolot turun kantor bgt,0
nama table table pasien_irj gnti data_pasien lupa,0
push aja ya kuota modem lg hbs,0
siaraan diil,0
plg wisudaan lgsg ksana awas telat telat plg,0
sync aja github dekstop nya,0
ngajak wida tuh beliau habis seminar hihip,0
nikah proses put kadang diatas kadang dibawah gak enak enak wkwkwkwk,0
nomor otp telkomsel,0
ntar kirim link nya,0
numpang berteduh wkwk punya tempat tujuan,0
numpang promo yah tau berminat liat instagram nya,0
nama udh nama transfer maacih nur,0
nama lg ngerjain tes ngoding upi net kalo mo pake motornya tp motornya jauh bgt,0
nya sore we atuh gi kalo pagi siang weekend nya,0
oh oke de selanjutnya isi deposit transfer kmn,0
oh oke pak lgsg kesana untuk kepastikan buka jam bebek komar yg dt,0
oh pantesan tau gitu lgsg foto dipusatnya aja put,0
oh udh berangkat kayanya ga koneksi,0
oh udah yah haha bingung jd gimana udh ketinggalan chat,0
oh kelurahan dll data_pasien ternyata butuh oge,0
oiya ya nama ih knapa bsa sayang bgt tabungannya,0
ok lihat kehadiran yg nilainya,0
ok kabarin yah no blokir ga paket data smsin aja asmul ya kbtulan free wife,0
ok minta data dummy diagnosa_pasien ya punten makasih,0
okayyy siang jam an hehe ga kemana hari,0
oke deh jg emang pengen ngumpul sih lg,0
oke nama udah beres bimbingan kesana,0
oke gais tp dsni udh redaan hujannya dtggu ya,0
oke untuk dp,0
oke senin deh ya kantor sms bapa laporan nyusul aja gt mengingat laporan jg lampiran revisi penguji,0
oke bentar solat,0
okeee telor butuhnya segimana,0
okeyyy malem aja ya bahas ajanya yg dibawa,0
oo misalnya lanjut brp dit,0
ooh iya klo controler ku kira td modelnya,0
ouhhh gitu yaudah ntar besok chat kalo mo ngampus,0
ouhhh trs ngedeteksi dil output nya,0
ga aktif si tombol algoritma nya teh ga ngerti,0
ngampus jamber gais,0
kesana kyknya nama balik,0
pagi bu nama bebek komar bu untuk pesanan besok bu menu pesan ya bu diantar ya nuhun,0
nama titip pesan jumat pagi kumpul trus bapa minta tolong bareng bujuk nama kuliah,0
pak seporsi ya,0
pak pesen nasi goreng spesial bungkus graha desilla kmr,0
pak tanya nilai remed diambil nilai nya remed tetap nya pak,0
pak pake bingung pak,0
pak indeks nilai gabisa diturunin pak soalnya kemaren liat nilai udah terus tiba turun jadi penilaiannya pake,0
pak mk nama kontrak data mining dgn kode ik dwm yg bapak sampaikan mengingatkan bapak penginputan nilai terimakasih,0
pake kamera nama kamera nama handy cam prodi,0
paket sore mendadak habis,0
seikhlasnya aja yg nyumbang mangga yg ngga mangga gt,0
pas ngomong gtu km langsung diem ya nuy kikuk gtu diomongin kek gtu,0
pas sma gak tp kuliah org tua udah pulang kampung,0
paspor perpanjang bayar nya brp nuy,0
patah hatinya level tinggi jd quotes put,0
pemakaian internet sdh mencapai batasfup kecepatan disesuaikan eksis dgninternetgaul bulanan rp http net axisworld co id info,0
penggunaan terakhir memenuhi pemakaian pulsa minimum masa aktif kartu diperpanjang hari aktif,0
penuh nama si nama nyari udh penuh,0
perginya naik kelapa turun pasar bunga wastukencana terus naik caringin sadang serang jalan,0
permintaan diproses paket internet non aktifkan berlaku tariff dasar internet,0
persiapkan dokumen draftnya diambil ruang slide presentasi tuk pengujian,0
perusahaannya aja tau,0
pesan nama assalamu alaikum wr wb pak indonesia android kejar bekerjasama depilkom mengadakan pelatihan android level intermediate slot orang syaratnya membuat app android ngebuild menggunakan android studio barang kali kelas bapak berminat nuhun ya pelatihannya mulai hari sabtu besok april sabtu pertemuan bertempat lab praktikum,0
pesanan mohon transfer rp bni account jun mohon periksa email untuk info lanjut,0
pilihannya hemat jt lulus oct nanggung,0
plg yth paket mb hari berakhir selanjutnya dikenakan tarif non paket aktifkan kembali paket flash,0
pokonya push bilang aja usahain bisi barengan push nya terus push pull,0
pulang nya jam kecewa,0
punten punya kontaknya teh lulu nuhuun,0
pusatnya disitu dy bandung pasir koja cmn bangunan lg dibangun jd td interview toko nya toko bangunan,0
nama gedung manunggal tridaya pucakti pusenkav teh ternyata wkwk,0
nama hunting kosan bentar gmn ngerjain dmn,0
rasa sidang bulan depaaan mel jahaaat pisaaan,0
registrasi gagal harap masukan tanggal benar format ddmmyyyy,0
route nya matiin aja jadi akses project ditembak aja,0
rumah gais lewat pager garasi karna pager orangnya ditutupi rumput liar hehehehe,0
terbaik mencari pasangan tuh pas kuliah sih enak ditempat kerja,0
salam jepret karet gelang hihip,0
ingetin ya web nya publish ikut develop tuh web nya nama jurusan ga,0
misal web pake dapet komisi tuh kecipratan ga nanya aja hehe da gapapa meren nanya gitu engga kecipratan hapapa seengganya web nya,0
pak ooh report ko pak bumiputera ngedit nomer nya pak jadi post,0
beri opsi untuk nabung nilai jadi kontraknya semester nilai dimasukkan semester tsb,0
blm dpt ttd nama duluan aja nyusul,0
brsik cuti bati kantor har rabu,0
seri untuk pg berharap lihat punya teman penyebab nilai pg jeblok kemarin waktunya terbatas ruangannya pake yg besar,0
ijin undur kepentingan mangga japri terima kasih middle eastern woman,0
keluar kota sd jumat senin tgl pagi aja jam gabung gameprog,0
meminta maaf atas perbuat maaf lisan terjaga maaf atas perilaku kurang baik maaf atas kesalahan baik tersadari sadari,0
menyimpulkan debat yg cupu ilmu nya kemungkinan pertanggungjawaban pasca penelitian yg moal kepegang rasa sayang ortu kampus yg pengen lulus cepat,0
nunggu beliau pak beliau sdg ngobrol dgn client,0
scroll up down olshop nama,0
sebenernya nama gada bulanan setau dikasih izin aja ibu gitu lanjut bayar jt,0
segan baa lo ko wqwq hai gila kurus banget skrg diii,0
nanya alur rawat inap lab radiologi obat ga ngolah,0
liburannya malaysia wkwk,0
dicetak rundown jg dkrm email nama nuhun dtgu prodi dipercepat menit,0
punya ide untuk menggabungkan device hp sumber sensor misal untuk deteksi longsor gempa terkait trend iot internet of thing silahkan yg tertarik,0
selamat pagi pak untuk data table yg dibutuhkan email email msk pak,0
selamat siang reservasi bandros perorangan,0
selamat sore pak besok kantor jam brp pak,0
selamat sore teh dg nama lg nyari kosan perbulan yg kosong teh disana terima kasih,0
selamat tcash tap aktif sn tgl info,0
selamat ulang tahun semoga panjang umur sehat,0
selamat utk teman yg wisuda semoga berkah ilmunya dilancarkan urusan kedepannya sukses terus kt,0
selamat nama semoga menempuh hidup bahagia menyenangkan,0
selamatkan guys karna lulus bareng kata hiburan semata,0
selamatkan guys karna nikah bareng kebaperan naonaridyah,0
selisihnya brp sesuai janji sbelumhya yg nilainya diperbatasan cek kehadiran jauh ya gak gak habisnya turun terus,0
semangat ibu gita ibu putri bapak adison esok hari semoga diberikan terbaik aamiin,0
semangat jg bunganya titipin ya eh bunga makanan wid,0
semau maunya ama orang gak bakal jadi gak jodoh segeleh gelehnya bakal nikah kalopun jodoh,0
semoga allah,0
semoga cepat sembuh pak,0
udah masuk database sindo nggak real time,0
senin mah pelepasan doang brngktnya selasa egi senin berangktnya,0
sep udh pull tp direpository git ga msk ya,0
sepupu ane baru masuk kuliah,0
setting ponsel dikirimkan masukkan pin diminta terimakasih,0
setting dikirimkan ponsel ikuti petunjuk diberikan untuk menyelesaikan setting internet kirim fot mms,0
silahkan berkas dambil ruang,0
silahkan klo pd besok gpp nyusul aja laporan bapaknya udh ngehubungin bapak jg,0
silahkan tebak umurnya,0
soal multiple choice essay yg weka masuk essay file dikumpulkan,0
soalnya ujug dtng terus bapak nya bilang bimbingan bls wa ya biar estimasi waktu gitu,0
soalnya bapa liat database secara keseluruhan,0
soalnya fitutnya lengkap,0
soalnya udah ditambahin,0
sok bebas gmna bsok hayu jumat oke,0
struktur data pla skripsi sidang,0
subuh jg abis maghrib teh ahaha,0
pak email cantumkan direct link diemail kalo misalkan file google drive download,0
sundae min sirup kiwi pake cochochips,0
mulai cepat tolong posisi duduknya diatur awal diberi jarak satu kolom kosong selang seling,0
udah bertemu beliau pa kata beliau pengujiannya bisanga besok pa,0
daging kurban mentahnya udah ga,0
kuliahnya sp untuk kuliah yg praktikum,0
masukin aja soalnya data pasien,0
taqoballahu minna waminkum selamatmenyambutkemenangan,0
teh jadi ketemuan,0
teh maaf teteh sibuk gpp bayar besok aja pas pengiriman,0
temen yg ya undang grup,0
terima kasih atas konfirmasinya orderan proses,0
terimakasih melakukan pengisian ulang dgn sn senilai,0
terimakasih terdaftar pelanggan tcash,0
terimakasih paket mb aktif cek bonus katalog poin lengkap tsel me telkomselpoin berlaku,0
terlepas dr pelaku nya ambil dr sisi guru nya menarik bgt,0
ternyata formatnya berantakan odp google sheet sdg rapikan soal besok subuh harap cek ya,0
tersrrah aja pagi nggak pa,0
terus nanya masuknya suka pagi siang kadang siang sore gimana sananha,0
tes toefl balai weekend ga,0
tiga kali dil april juli okt,0
nama udah diperpus nama yuk kesini tika tugu diperpus ya,0
nama kelompok sistem pembelajaran bhs jepang ajaa,0
nama kemaren kamera handycam waktu msceis pake kamera aj,0
topup pulsa rp berhasil via transfer atm bni kode trx pulsa rp terima kasih menggunakan indosat ooredoo,0
tp gak tertarik gt sih diperusahaan org it nya baru satu,0
tp lucu ngebayangin pacaran teh hahahaha,0
tp baru tau teori doang sih da blm ngerasain yg rumit,0
tp ya temen mah soalnya ga halangan untuk hdr kyknya hihi,0
tp ya pak,0
tp klo jd mmber mh bsa lbh murah dil,0
traveloka com your ticket summary xpress xn pdg bdo dzzzz total passenger,0
tunggu aja lobi bawah kalo datang ya,0
udah aa aa sih makan mah cewek lupa ih mukanya dy gak nginget wajah hahaha,0
udah benerin sync backup filenya baru sync terus push file,0
udah beresin tp lampu depannya yg mati kl gasalah,0
udah ga bimbingan,0
udh teh kata bapa bsk kekantor cuman blm dbls lg jamber jd blm jg,0
nama ntar bilang aja kaka pas instal ulang gagal ngeformat nya error tpi data nya udah keformat pas nyoba instal windows nya muncul error yg error code kemungkinan yg rusak harddisk nya,0
untuk ayam bakar rica rica brp pak,0
untuk dwm soal klasifikasi algoritma menjadi dasar random forest akurasi model kira menggunakan data test data yg berikan kemarin uas untuk diprediksi akurasi yg didapat mhs mendapat akurasi mendapat nilai maksimal point akurasi tertinggi diperoleh nama,0
untuk yg kontrak game prog dwm jadwalkan untuk ikut gemastik kompetisi terbesar prodi ilkom if punya peluang besar untuk bidang,0
urang mah kayanya dah jumatan jam an pa lala bentar,0
usul anak sospol yg berminat turun deh pelajari ttg,0
waaah keren kang,0
waalaikumsalam jumat ya pukul,0
waalaikumsalamin yg dpt bantu min,0
iya dy haha sabar bgt anaknya teh jd we yg gtau ngomong seenaknya,0
mantap ok btw nge cc perihal sponsor jg ya osnnya semoga yg terbaik utk kemakom,0
repot kalo asumsinya gitu kadang yg ganti kelompok biasakan dokumen nama klau print periksanya offline bingung dimasukkan gak nama satupun,0
waktu malas sep hihi dilihat jd rapih aja,0
wid jgn plg ketemu brgkt jam hehe,0
wihh nyimper kopernya dmn motor gigi,0
wisudaan hari jumat,0
wkwk tumben kar punya kar sampe yg sewarna,0
wooh yg nikah udah lulus langsung diiket,0
ya ampuun pak jendral wk,0
ya masuk aja tugas quiz perlu ngejar dikit materinya location aware app pertemuan berikutnya masuk sensor,0
ya nggk jd masalh model diload dicontroler aja,0
yah dikostan temen dil hihi,0
yahh ya urgent wkwk,0
waktu luang besok futsal ya jam sampoerna ngaret,0
sinonim,0
yaudah gausah babakaran atuh yg pake kompor aja ribet nyalain arengnya,0
yaudah mah eta harddisk laptop maneh keluarin terus dijadiin harddisk external aja cari temen punya case nya entar datanya copy in maneh ngerjain luar aja ga laptop,0
yaudah minta data dummy untuk diagnosa_pasien,0
yg butuh kosan perbulan langsung ditempatin lokasi gang samping gokana setiabudi khusus cewe jam bebas bersih fasilitas kasur lemari kunci pegang harga bulan hub id line titaniadbl,0
yg dian ge waktu yudisium sore ga dibarengin nondik sampe jam kurang keluar yudisium teh,0
yg ngampus pengen titip bawain skl prodi,0
yg ragu sm bulet datar yg pgn ikutan debat kusir,0
yg sebelah warteg bahri sebrangnya yg,0
yooo oke umumin grup kelas,0
ga ad nulis kerudung kirain warna jins,0
mba kirim ya,0
nama beaok bwrangkat pagi cas atay tranfer,0
no bri atas nama,0
